Timestamp,TimetoaddEvent,Trialtime,ClipLength,ClipBeginsatTrialtime,Clip,Min.secTostart,Min.secToremove,Min.secTochoice,BatID_num,FruitID,Order,AmideTx,Amide,CageID,BatID,Sp,Fight,TimeofFight,Attacker,Outcome,Treatmentgroup,GroupSize,Comments,Sex,Age,Bag+Bat,Bag,Weight,Forearm,Tibia,RepStat
,,,29.07,0,1,3.16,,3.16,2,c1,1,con,Piperine,Cc_0516,Cc_0516_2,Cc,0,NA,NA,NA,Piperine,5,,,,,,,,,
,,,29.07,0,1,5.46,6,5.46,3,p5,2,pip,Piperine,Cc_0516,Cc_0516_3,Cc,0,NA,NA,NA,Piperine,5,,,,,,,,,
,,,29.07,0,1,,6.19,6.19,3,p3,3,pip,Piperine,Cc_0516,Cc_0516_3,Cc,0,NA,NA,NA,Piperine,5,,,,,,,,,
,,,29.07,0,1,7.38,,7.38,1,p1,4,pip,Piperine,Cc_0516,Cc_0516_1,Cc,0,NA,NA,NA,Piperine,5,,,,,,,,,
,,,29.07,0,1,,8.04,8.04,3,c4,5,con,Piperine,Cc_0516,Cc_0516_3,Cc,0,NA,NA,NA,Piperine,5,,,,,,,,,
,,,29.07,0,1,,4.45,4.45,3,p4,6,pip,Piperine,Cc_0516,Cc_0516_3,Cc,0,NA,NA,NA,Piperine,5,,,,,,,,,
,,,30.04,29.07,2,6.3,,6.3,5,c5,7,con,Piperine,Cc_0516,Cc_0516_5,Cc,0,NA,NA,NA,Piperine,5,,,,,,,,,
,,,30.04,29.07,2,,12.48,12.48,5,c3,8,con,Piperine,Cc_0516,Cc_0516_5,Cc,0,NA,NA,NA,Piperine,5,,,,,,,,,
,,,30.04,29.07,2,14.3,,14.3,5,c2,9,con,Piperine,Cc_0516,Cc_0516_5,Cc,0,NA,NA,NA,Piperine,5,,,,,,,,,
,,,22.49,89.21,4,6.17,,6.17,5,p2,10,pip,Piperine,Cc_0516,Cc_0516_5,Cc,0,NA,NA,NA,Piperine,5,,,,,,,,,
,,,27.33,0,0,8.54,,8.54,1,p1,1,pip,Piperine,Cp_0516,Cp_0516_1,Cp,0,NA,NA,NA,Piperine,5,,,,,,,,,
,,,27.33,0,0,13.12,,13.12,1,p2,2,pip,Piperine,Cp_0516,Cp_0516_1,Cp,0,NA,NA,NA,Piperine,5,,,,,,,,,
,,,27.33,0,0,,14.38,14.38,2,c5,3,con,Piperine,Cp_0516,Cp_0516_2,Cp,0,NA,NA,NA,Piperine,5,,,,,,,,,
,,,27.33,0,0,26,,26,4,p4,4,pip,Piperine,Cp_0516,Cp_0516_4,Cp,0,NA,NA,NA,Piperine,5,,,,,,,,,
,,,27.08,27.33,1,4.17,,4.17,4,p3,5,pip,Piperine,Cp_0516,Cp_0516_4,Cp,0,NA,NA,NA,Piperine,5,,,,,,,,,
,,,26.48,54.41,2,,6.05,6.05,2,c2,6,con,Piperine,Cp_0516,Cp_0516_2,Cp,0,NA,NA,NA,Piperine,5,,,,,,,,,
,,,26.48,54.41,2,7.04,,7.04,2,c1,7,con,Piperine,Cp_0516,Cp_0516_2,Cp,1,7.16,1,L,Piperine,5,,,,,,,,,
,,,26.48,54.41,2,7.48,,7.48,2,c3,8,con,Piperine,Cp_0516,Cp_0516_2,Cp,0,NA,NA,NA,Piperine,5,,,,,,,,,
,,,26.48,54.41,2,26.28,,26.28,3,c4,9,con,Piperine,Cp_0516,Cp_0516_3,Cp,0,NA,NA,NA,Piperine,5,,,,,,,,,
,,,27.12,81.29,3,25,,25,3,p5,10,pip,Piperine,Cp_0516,Cp_0516_3,Cp,0,NA,NA,NA,Piperine,5,,,,,,,,,
,,,26.52,0,1,19.5,,19.5,1,c1,1,con,Piperine,Cp_0517,Cp_0517_1,Cp,0,NA,NA,NA,Piperine,3,,,,,,,,,
,,,26.52,26.52,2,14.35,,14.35,1,c4,2,con,Piperine,Cp_0517,Cp_0517_1,Cp,0,NA,NA,NA,Piperine,3,,,,,,,,,
,,,26.5,80.37,4,13.09,,13.09,1,c2,3,con,Piperine,Cp_0517,Cp_0517_1,Cp,1,13.2,1,L,Piperine,3,,,,,,,,,
,,,26.5,80.37,4,13.47,,13.47,2,c3,4,con,Piperine,Cp_0517,Cp_0517_2,Cp,0,NA,NA,NA,Piperine,3,,,,,,,,,
,,,26.51,107.27,5,,2.37,2.37,1,c5,5,con,Piperine,Cp_0517,Cp_0517_1,Cp,0,NA,NA,NA,Piperine,3,,,,,,,,,
,,,26.51,107.27,5,26.51,,26.51,NA,p1,6,pip,Piperine,Cp_0517,Cp_0517_NA,Cp,0,NA,NA,NA,Piperine,3,,,,,,,,,
,,,26.51,107.27,5,26.51,,26.51,NA,p2,6,pip,Piperine,Cp_0517,Cp_0517_NA,Cp,0,NA,NA,NA,Piperine,3,,,,,,,,,
,,,26.51,107.27,5,26.51,,26.51,NA,p3,6,pip,Piperine,Cp_0517,Cp_0517_NA,Cp,,NA,NA,NA,Piperine,3,,,,,,,,,
,,,26.51,107.27,5,26.51,,26.51,NA,p4,6,pip,Piperine,Cp_0517,Cp_0517_NA,Cp,0,NA,NA,NA,Piperine,3,,,,,,,,,
,,,26.51,107.27,5,26.51,,26.51,NA,p5,6,pip,Piperine,Cp_0517,Cp_0517_NA,Cp,0,NA,NA,NA,Piperine,3,,,,,,,,,
,,,22.59,0,0,8.04,,8.04,1,p4,1,pip,Piperine,Cc_0517,Cc_0517_1,Cc,0,NA,NA,NA,Piperine,3,,,,,,,,,
,,,22.59,0,0,12.41,,12.41,3,p2,2,pip,Piperine,Cc_0517,Cc_0517_3,Cc,0,NA,NA,NA,Piperine,3,,,,,,,,,
,,,23.05,22.59,1,,19.55,19.55,1,c1,3,con,Piperine,Cc_0517,Cc_0517_1,Cc,0,NA,NA,NA,Piperine,3,,,,,,,,,
,,,14.03,69.09,5,14.03,,14.03,NA,p1,4,pip,Piperine,Cc_0517,Cc_0517_NA,Cc,0,NA,NA,NA,Piperine,3,,,,,,,,,
,,,14.03,69.09,5,14.03,,14.03,NA,p3,4,pip,Piperine,Cc_0517,Cc_0517_NA,Cc,0,NA,NA,NA,Piperine,3,,,,,,,,,
,,,14.03,69.09,5,14.03,,14.03,NA,p5,4,pip,Piperine,Cc_0517,Cc_0517_NA,Cc,0,NA,NA,NA,Piperine,3,,,,,,,,,
,,,14.03,69.09,5,14.03,,14.03,NA,c2,4,con,Piperine,Cc_0517,Cc_0517_NA,Cc,0,NA,NA,NA,Piperine,3,,,,,,,,,
,,,14.03,69.09,5,14.03,,14.03,NA,c3,4,con,Piperine,Cc_0517,Cc_0517_NA,Cc,0,NA,NA,NA,Piperine,3,,,,,,,,,
,,,14.03,69.09,5,14.03,,14.03,NA,c4,4,con,Piperine,Cc_0517,Cc_0517_NA,Cc,0,NA,NA,NA,Piperine,3,,,,,,,,,
,,,14.03,69.09,5,14.03,,14.03,NA,c5,4,con,Piperine,Cc_0517,Cc_0517_NA,Cc,0,NA,NA,NA,Piperine,3,,,,,,,,,
,,,13.44,0,0,6.17,,6.17,1,c3,1,con,Piperine,Cp_0518,Cp_0518_1,Cp,0,NA,NA,NA,Piperine,3,,,,,,,,,
,,,13.44,0,0,7.19,,7.19,1,c2,2,con,Piperine,Cp_0518,Cp_0518_1,Cp,1,8.13,3,L,Piperine,3,,,,,,,,,
,,,13.44,0,0,9.37,,9.37,1,c5,3,con,Piperine,Cp_0518,Cp_0518_1,Cp,0,NA,NA,NA,Piperine,3,,,,,,,,,
,,,30.18,13.44,2,0,,0,2,c1,4,con,Piperine,Cp_0518,Cp_0518_2,Cp,0,NA,NA,NA,Piperine,3,,,,,,,,,
,,,30.18,13.44,2,27.1,,27.1,3,p3,5,pip,Piperine,Cp_0518,Cp_0518_3,Cp,0,NA,NA,NA,Piperine,3,,,,,,,,,
,,,30.2,44.02,3,23.41,,23.41,3,p4,6,pip,Piperine,Cp_0518,Cp_0518_3,Cp,0,NA,NA,NA,Piperine,3,,,,,,,,,
,,,6.53,105.1,5,6.53,,6.53,NA,c4,7,con,Piperine,Cp_0518,Cp_0518_NA,Cp,0,NA,NA,NA,Piperine,3,,,,,,,,,
,,,6.53,105.1,5,6.53,,6.53,NA,p1,7,pip,Piperine,Cp_0518,Cp_0518_NA,Cp,0,NA,NA,NA,Piperine,3,,,,,,,,,
,,,6.53,105.1,5,6.53,,6.53,NA,p2,7,pip,Piperine,Cp_0518,Cp_0518_NA,Cp,0,NA,NA,NA,Piperine,3,,,,,,,,,
,,,6.53,105.1,5,6.53,,6.53,NA,p5,7,pip,Piperine,Cp_0518,Cp_0518_NA,Cp,0,NA,NA,NA,Piperine,3,,,,,,,,,
,,,14.57,0,0,3.24,,3.24,1,c1,1,con,Piperine,Cs_0518,Cs_0518_1,Cs,0,NA,NA,NA,Piperine,3,,,,,,,,,
,,,14.57,0,0,8.36,,8.36,2,c2,2,con,Piperine,Cs_0518,Cs_0518_2,Cs,0,NA,NA,NA,Piperine,3,,,,,,,,,
,,,14.57,0,0,10.36,,10.36,3,c3,3,con,Piperine,Cs_0518,Cs_0518_3,Cs,0,NA,NA,NA,Piperine,3,,,,,,,,,
,,,14.57,0,0,11.39,,11.39,3,c5,4,con,Piperine,Cs_0518,Cs_0518_3,Cs,0,NA,NA,NA,Piperine,3,,,,,,,,,
,,,22.52,60.41,3,10.47,,10.47,1,p2,5,pip,Piperine,Cs_0518,Cs_0518_1,Cs,0,NA,NA,NA,Piperine,3,,,,,,,,,
,,,22.52,60.41,3,11.21,,11.21,3,c4,6,con,Piperine,Cs_0518,Cs_0518_3,Cs,0,NA,NA,NA,Piperine,3,,,,,,,,,
,,,1.2,83.33,4,1.2,,1.2,NA,p1,7,pip,Piperine,Cs_0518,Cs_0518_NA,Cs,0,NA,NA,NA,Piperine,3,,,,,,,,,
,,,1.2,83.33,4,1.2,,1.2,NA,p3,7,pip,Piperine,Cs_0518,Cs_0518_NA,Cs,0,NA,NA,NA,Piperine,3,,,,,,,,,
,,,1.2,83.33,4,1.2,,1.2,NA,p4,7,pip,Piperine,Cs_0518,Cs_0518_NA,Cs,0,NA,NA,NA,Piperine,3,,,,,,,,,
,,,1.2,83.33,4,1.2,,1.2,NA,p5,7,pip,Piperine,Cs_0518,Cs_0518_NA,Cs,0,NA,NA,NA,Piperine,3,,,,,,,,,
,,,30.27,29.53,2,,1.26,1.26,2,p4,1,pip,Piperine,Cp_0519,Cp_0519_2,Cp,0,NA,NA,NA,Piperine,2,,,,,,,,,
,,,30.27,29.53,2,,1.36,1.36,2,c5,2,con,Piperine,Cp_0519,Cp_0519_2,Cp,0,NA,NA,NA,Piperine,2,,,,,,,,,
,,,30.27,29.53,2,,4.32,4.32,1,c1,3,con,Piperine,Cp_0519,Cp_0519_1,Cp,0,NA,NA,NA,Piperine,2,,,,,,,,,
,,,30.27,29.53,2,6.13,,6.13,1,p2,4,pip,Piperine,Cp_0519,Cp_0519_1,Cp,0,NA,NA,NA,Piperine,2,,,,,,,,,
,,,30.06,60.2,3,,14.25,14.25,2,c4,5,con,Piperine,Cp_0519,Cp_0519_2,Cp,0,NA,NA,NA,Piperine,2,,,,,,,,,
,,,30.06,60.2,3,,14.46,14.46,1,c2,6,con,Piperine,Cp_0519,Cp_0519_1,Cp,0,NA,NA,NA,Piperine,2,,,,,,,,,
,,,23.03,90.26,4,3.01,,3.01,1,c3,7,con,Piperine,Cp_0519,Cp_0519_1,Cp,0,NA,NA,NA,Piperine,2,,,,,,,,,
,,,23.03,90.26,4,23.03,,23.03,NA,p1,8,pip,Piperine,Cp_0519,Cp_0519_NA,Cp,0,NA,NA,NA,Piperine,2,,,,,,,,,
,,,23.03,90.26,4,23.03,,23.03,NA,p3,8,pip,Piperine,Cp_0519,Cp_0519_NA,Cp,0,NA,NA,NA,Piperine,2,,,,,,,,,
,,,23.03,90.26,4,23.03,,23.03,NA,p5,8,pip,Piperine,Cp_0519,Cp_0519_NA,Cp,0,NA,NA,NA,Piperine,2,,,,,,,,,
,,,22.52,0,0,14.42,,14.42,2,c2,1,con,Piperine,Cs_0519,Cs_0519_2,Cs,0,NA,NA,NA,Piperine,2,,,,,,,,,
,,,22.52,0,0,14.53,,14.53,1,c3,2,con,Piperine,Cs_0519,Cs_0519_1,Cs,1,15.37,2,L,Piperine,2,,,,,,,,,
,,,22.52,22.52,1,3.31,,3.31,1,c4,3,con,Piperine,Cs_0519,Cs_0519_1,Cs,0,NA,NA,NA,Piperine,2,,,,,,,,,
,,,22.52,22.52,1,11.21,,11.21,1,c1,4,con,Piperine,Cs_0519,Cs_0519_1,Cs,0,NA,NA,NA,Piperine,2,,,,,,,,,
,,,22.52,22.52,1,,14.05,14.05,2,c5,5,con,Piperine,Cs_0519,Cs_0519_2,Cs,0,NA,NA,NA,Piperine,2,,,,,,,,,
,,,16.16,68.36,3,16.16,,16.16,NA,p1,6,pip,Piperine,Cs_0519,Cs_0519_NA,Cs,0,NA,NA,NA,Piperine,2,,,,,,,,,
,,,16.16,68.36,3,16.16,,16.16,NA,p2,6,pip,Piperine,Cs_0519,Cs_0519_NA,Cs,0,NA,NA,NA,Piperine,2,,,,,,,,,
,,,16.16,68.36,3,16.16,,16.16,NA,p3,6,pip,Piperine,Cs_0519,Cs_0519_NA,Cs,0,NA,NA,NA,Piperine,2,,,,,,,,,
,,,16.16,68.36,3,16.16,,16.16,NA,p4,6,pip,Piperine,Cs_0519,Cs_0519_NA,Cs,0,NA,NA,NA,Piperine,2,,,,,,,,,
,,,16.16,68.36,3,16.16,,16.16,NA,p5,6,pip,Piperine,Cs_0519,Cs_0519_NA,Cs,0,NA,NA,NA,Piperine,2,,,,,,,,,
,,,26.24,26.06,6,3.46,,3.46,2,c1,1,con,Piperine,Cc_0519,Cc_0519_2,Cc,0,NA,NA,NA,Piperine,2,,,,,,,,,
,,,26.24,26.06,6,,8.33,8.33,1,c2,2,con,Piperine,Cc_0519,Cc_0519_1,Cc,0,NA,NA,NA,Piperine,2,,,,,,,,,
,,,9.11,106.11,9,9.11,,9.11,NA,c3,3,con,Piperine,Cc_0519,Cc_0519_NA,Cc,0,NA,NA,NA,Piperine,2,,,,,,,,,
,,,9.11,106.11,9,9.11,,9.11,NA,c4,3,con,Piperine,Cc_0519,Cc_0519_NA,Cc,0,NA,NA,NA,Piperine,2,,,,,,,,,
,,,9.11,106.11,9,9.11,,9.11,NA,c5,3,con,Piperine,Cc_0519,Cc_0519_NA,Cc,0,NA,NA,NA,Piperine,2,,,,,,,,,
,,,9.11,106.11,9,9.11,,9.11,NA,p1,3,pip,Piperine,Cc_0519,Cc_0519_NA,Cc,0,NA,NA,NA,Piperine,2,,,,,,,,,
,,,9.11,106.11,9,9.11,,9.11,NA,p2,3,pip,Piperine,Cc_0519,Cc_0519_NA,Cc,0,NA,NA,NA,Piperine,2,,,,,,,,,
,,,9.11,106.11,9,9.11,,9.11,NA,p3,3,pip,Piperine,Cc_0519,Cc_0519_NA,Cc,0,NA,NA,NA,Piperine,2,,,,,,,,,
,,,9.11,106.11,9,9.11,,9.11,NA,p4,3,pip,Piperine,Cc_0519,Cc_0519_NA,Cc,0,NA,NA,NA,Piperine,2,,,,,,,,,
,,,9.11,106.11,9,9.11,,9.11,NA,p5,3,pip,Piperine,Cc_0519,Cc_0519_NA,Cc,0,NA,NA,NA,Piperine,2,,,,,,,,,
,,,41.22,0,5,,5.2,5.2,1,f4,1,pip,Piperine,Cc_0717,Cc_0717_1,Cc,0,NA,NA,NA,Piperine,1,,,,,,,,,
,,,13.26,123.58,8,13.26,,13.26,1,f1,2,pip,Piperine,Cc_0717,Cc_0717_1,Cc,0,NA,NA,NA,Piperine,1,,,,,,,,,
,,,13.26,123.58,8,13.26,,13.26,1,f2,2,pip,Piperine,Cc_0717,Cc_0717_1,Cc,0,NA,NA,NA,Piperine,1,,,,,,,,,
,,,13.26,123.58,8,13.26,,13.26,1,f3,2,pip,Piperine,Cc_0717,Cc_0717_1,Cc,0,NA,NA,NA,Piperine,1,,,,,,,,,
,,,13.26,123.58,8,13.26,,13.26,1,f5,2,pip,Piperine,Cc_0717,Cc_0717_1,Cc,0,NA,NA,NA,Piperine,1,,,,,,,,,
,,,13.26,123.58,8,13.26,,13.26,1,f6,2,con,Piperine,Cc_0717,Cc_0717_1,Cc,0,NA,NA,NA,Piperine,1,,,,,,,,,
,,,13.26,123.58,8,13.26,,13.26,1,f7,2,con,Piperine,Cc_0717,Cc_0717_1,Cc,0,NA,NA,NA,Piperine,1,,,,,,,,,
,,,13.26,123.58,8,13.26,,13.26,1,f8,2,con,Piperine,Cc_0717,Cc_0717_1,Cc,0,NA,NA,NA,Piperine,1,,,,,,,,,
,,,13.26,123.58,8,13.26,,13.26,1,f9,2,con,Piperine,Cc_0717,Cc_0717_1,Cc,0,NA,NA,NA,Piperine,1,,,,,,,,,
,,,13.26,123.58,8,13.26,,13.26,1,f10,2,con,Piperine,Cc_0717,Cc_0717_1,Cc,0,NA,NA,NA,Piperine,1,,,,,,,,,
,,,41.14,0,6,,11.31,11.31,2,f10,1,con,Piperine,Cp_0717,Cp_0717_2,Cp,0,NA,NA,NA,Piperine,2,,,,,,,,,
,,,41.14,0,6,,13.03,13.03,2,f9,2,con,Piperine,Cp_0717,Cp_0717_2,Cp,0,NA,NA,NA,Piperine,2,,,,,,,,,
,,,41.14,0,6,,14.32,14.32,2,f8,3,con,Piperine,Cp_0717,Cp_0717_2,Cp,0,NA,NA,NA,Piperine,2,,,,,,,,,
,,,41.14,0,6,,39.42,39.42,1,f3,4,pip,Piperine,Cp_0717,Cp_0717_1,Cp,0,NA,NA,NA,Piperine,2,,,,,,,,,
,,,41.14,0,6,,40.06,40.06,1,f4,5,pip,Piperine,Cp_0717,Cp_0717_1,Cp,0,NA,NA,NA,Piperine,2,,,,,,,,,
,,,31.44,82.45,9,,3.35,3.35,NA,f1,6,pip,Piperine,Cp_0717,Cp_0717_NA,Cp,0,NA,NA,NA,Piperine,2,,,,,,,,,
,,,31.44,82.45,9,,16.58,16.58,1,f7,7,con,Piperine,Cp_0717,Cp_0717_1,Cp,0,NA,NA,NA,Piperine,2,,,,,,,,,
,,,25.1,82.45,9,25.1,,25.1,NA,f2,8,pip,Piperine,Cp_0717,Cp_0717_NA,Cp,0,NA,NA,NA,Piperine,2,,,,,,,,,
,,,25.1,82.45,9,25.1,,25.1,NA,f5,8,pip,Piperine,Cp_0717,Cp_0717_NA,Cp,0,NA,NA,NA,Piperine,2,unknown fruit f6 fate. Disappeared between clips 7 and 8,,,,,,,,
,,,41.12,0,24,,4.51,4.51,1,f9,1,con,Piperine,Cs_0717,Cs_0717_1,Cs,0,NA,NA,NA,Piperine,1,,,,,,,,,
,,,41.12,81.24,26,,36.36,36.36,1,f10,2,con,Piperine,Cs_0717,Cs_0717_1,Cs,0,NA,NA,NA,Piperine,1,,,,,,,,,
,,,23.38,123.4,27,23.38,,23.38,1,f1,3,pip,Piperine,Cs_0717,Cs_0717_1,Cs,0,NA,NA,NA,Piperine,1,,,,,,,,,
,,,23.38,123.4,27,23.38,,23.38,1,f2,3,pip,Piperine,Cs_0717,Cs_0717_1,Cs,0,NA,NA,NA,Piperine,1,,,,,,,,,
,,,23.38,123.4,27,23.38,,23.38,1,f3,3,pip,Piperine,Cs_0717,Cs_0717_1,Cs,0,NA,NA,NA,Piperine,1,,,,,,,,,
,,,23.38,123.4,27,23.38,,23.38,1,f4,3,pip,Piperine,Cs_0717,Cs_0717_1,Cs,0,NA,NA,NA,Piperine,1,,,,,,,,,
,,,23.38,123.4,27,23.38,,23.38,1,f5,3,pip,Piperine,Cs_0717,Cs_0717_1,Cs,0,NA,NA,NA,Piperine,1,,,,,,,,,
,,,23.38,123.4,27,23.38,,23.38,1,f6,3,con,Piperine,Cs_0717,Cs_0717_1,Cs,0,NA,NA,NA,Piperine,1,,,,,,,,,
,,,23.38,123.4,27,23.38,,23.38,1,f7,3,con,Piperine,Cs_0717,Cs_0717_1,Cs,0,NA,NA,NA,Piperine,1,,,,,,,,,
,,,23.38,123.4,27,23.38,,23.38,1,f8,3,con,Piperine,Cs_0717,Cs_0717_1,Cs,0,NA,NA,NA,Piperine,1,,,,,,,,,
,,,41.15,0,1,,5.1,5.1,5,f9,1,pip,Piperine,Cp_0724_pp,Cp_0724_pp_5,Cp,0,NA,NA,NA,Piperine,4,,,,,,,,,
,,,41.15,0,1,,6.32,6.32,6,f3,2,con,Piperine,Cp_0724_pp,Cp_0724_pp_6,Cp,0,NA,NA,NA,Piperine,4,,,,,,,,,
,,,41.15,0,1,,40.25,40.25,6,f4,3,con,Piperine,Cp_0724_pp,Cp_0724_pp_6,Cp,0,NA,NA,NA,Piperine,4,,,,,,,,,
,,,41.17,41.15,2,,0.12,0.12,5,f7,4,pip,Piperine,Cp_0724_pp,Cp_0724_pp_5,Cp,0,NA,NA,NA,Piperine,4,,,,,,,,,
,,,41.17,41.15,2,,6.35,6.35,1,f2,5,con,Piperine,Cp_0724_pp,Cp_0724_pp_1,Cp,0,NA,NA,NA,Piperine,4,,,,,,,,,
,,,41.17,41.15,2,,31.1,31.1,5,f8,6,pip,Piperine,Cp_0724_pp,Cp_0724_pp_5,Cp,0,NA,NA,NA,Piperine,4,,,,,,,,,
,,,41.17,41.15,2,,31.42,31.42,6,f1,7,con,Piperine,Cp_0724_pp,Cp_0724_pp_6,Cp,0,NA,NA,NA,Piperine,4,,,,,,,,,
,,,41.17,41.15,2,,34.52,34.52,1,f5,8,con,Piperine,Cp_0724_pp,Cp_0724_pp_1,Cp,0,NA,NA,NA,Piperine,4,,,,,,,,,
,,,41.17,41.15,2,,36.48,36.48,1,f10,9,pip,Piperine,Cp_0724_pp,Cp_0724_pp_1,Cp,0,NA,NA,NA,Piperine,4,,,,,,,,,
,,,41.17,41.15,2,,39.11,39.11,6,f6,10,pip,Piperine,Cp_0724_pp,Cp_0724_pp_6,Cp,0,NA,NA,NA,Piperine,4,,,,,,,,,
,,,41.13,0,0,,10.24,10.24,2,f3,1,pip,Piperine,Cc_0725,Cc_0725_2,Cc,0,NA,NA,NA,Piperine,5,,,,,,,,,
,,,41.13,0,0,,12.2,12.2,4,f7,2,con,Piperine,Cc_0725,Cc_0725_4,Cc,0,NA,NA,NA,Piperine,5,,,,,,,,,
,,,41.13,0,0,,14.37,14.37,3,f4,3,pip,Piperine,Cc_0725,Cc_0725_3,Cc,0,NA,NA,NA,Piperine,5,,,,,,,,,
,,,41.13,0,0,,16.19,16.19,3,f9,4,con,Piperine,Cc_0725,Cc_0725_3,Cc,0,NA,NA,NA,Piperine,5,,,,,,,,,
,,,41.13,0,0,,26.08,26.08,1,f2,5,pip,Piperine,Cc_0725,Cc_0725_1,Cc,0,NA,NA,NA,Piperine,5,,,,,,,,,
,,,41.13,0,0,,28.54,28.54,4,f8,6,con,Piperine,Cc_0725,Cc_0725_4,Cc,0,NA,NA,NA,Piperine,5,,,,,,,,,
,,,41.13,0,0,,34.57,34.57,5,f5,7,pip,Piperine,Cc_0725,Cc_0725_5,Cc,0,NA,NA,NA,Piperine,5,,,,,,,,,
,,,41.13,0,0,,37.5,37.5,3,f1,8,pip,Piperine,Cc_0725,Cc_0725_3,Cc,0,NA,NA,NA,Piperine,5,,,,,,,,,
,,,41.22,41.13,1,,25.24,25.24,3,f6,9,con,Piperine,Cc_0725,Cc_0725_3,Cc,0,NA,NA,NA,Piperine,5,,,,,,,,,
,,,41.22,41.13,1,,26.25,26.25,2,f10,10,con,Piperine,Cc_0725,Cc_0725_2,Cp,0,NA,NA,NA,Piperine,5,,,,,,,,,
,,,5.36,0,0,2.36,,2.36,1,c3,1,con,Piplartine,Cp_0607,Cp_0607_1,Cp,0,NA,NA,NA,Piplartine,1,,,,,,,,,
,,,38.22,5.36,1,,24.43,24.43,1,c5,2,con,Piplartine,Cp_0607,Cp_0607_1,Cp,0,NA,NA,NA,Piplartine,1,,,,,,,,,
,,,36.59,43.58,2,30.52,,30.52,1,c1,3,con,Piplartine,Cp_0607,Cp_0607_1,Cp,0,NA,NA,NA,Piplartine,1,,,,,,,,,
,,,16.26,118,4,16.26,,16.26,1,c4,4,con,Piplartine,Cp_0607,Cp_0607_1,Cp,0,NA,NA,NA,Piplartine,1,unknown fruit fate of c2 dissappeared and p3 knocked over not eaten,,,,,,,,
,,,16.26,118,4,16.26,,16.26,1,p1,4,pipl,Piplartine,Cp_0607,Cp_0607_1,Cp,0,NA,NA,NA,Piplartine,1,,,,,,,,,
,,,16.26,118,4,16.26,,16.26,1,p2,4,pipl,Piplartine,Cp_0607,Cp_0607_1,Cp,0,NA,NA,NA,Piplartine,1,,,,,,,,,
,,,16.26,118,4,16.26,,16.26,1,p4,4,pipl,Piplartine,Cp_0607,Cp_0607_1,Cp,0,NA,NA,NA,Piplartine,1,,,,,,,,,
,,,16.26,118,4,16.26,,16.26,1,p5,4,pipl,Piplartine,Cp_0607,Cp_0607_1,Cp,0,NA,NA,NA,Piplartine,1,,,,,,,,,
,,,45.52,0,0,,4.45,4.45,1,p3,1,pipl,Piplartine,Cs_0607,Cs_0607_1,Cs,0,NA,NA,NA,Piplartine,2,,,,,,,,,
,,,45.52,0,0,,8.25,8.25,2,c1,2,con,Piplartine,Cs_0607,Cs_0607_2,Cs,0,NA,NA,NA,Piplartine,2,,,,,,,,,
,,,45.52,0,0,,28.24,28.24,1,c4,3,con,Piplartine,Cs_0607,Cs_0607_1,Cs,1,28.24,,,Piplartine,2,,,,,,,,,
,,,45.52,0,0,37.53,,37.53,1,c2,4,con,Piplartine,Cs_0607,Cs_0607_1,Cs,0,NA,NA,NA,Piplartine,2,unknown fruit fate of c5 dissappeared,,,,,,,,
,,,41.52,87.48,17,39,,39,2,c3,5,con,Piplartine,Cs_0607,Cs_0607_2,Cs,0,NA,NA,NA,Piplartine,2,,,,,,,,,
,,,11.48,129.4,18,1.18,,1.18,1,p2,6,pipl,Piplartine,Cs_0607,Cs_0607_1,Cs,1,1.18,2,V,Piplartine,2,,,,,,,,,
,,,11.48,129.4,18,11.48,,11.48,NA,p1,7,pipl,Piplartine,Cs_0607,Cs_0607_NA,Cs,0,NA,NA,NA,Piplartine,2,,,,,,,,,
,,,11.48,129.4,18,11.48,,11.48,NA,p4,7,pipl,Piplartine,Cs_0607,Cs_0607_NA,Cs,0,NA,NA,NA,Piplartine,2,,,,,,,,,
,,,11.48,129.4,18,11.48,,11.48,NA,p5,7,pipl,Piplartine,Cs_0607,Cs_0607_NA,Cs,0,NA,NA,NA,Piplartine,2,,,,,,,,,
,,,28.17,28.3,2,5.45,,5.45,2,c4,1,con,Piplartine,Cc_0607,Cc_0607_2,Cc,0,NA,NA,NA,Piplartine,5,,,,,,,,,
,,,28.17,28.3,2,17.25,,17.25,1,c1,2,con,Piplartine,Cc_0607,Cc_0607_1,Cc,0,NA,NA,NA,Piplartine,5,unknown fruit fate p1 c3,,,,,,,,
,,,28.17,85.04,4,12.33,,12.33,4,p3,3,pipl,Piplartine,Cc_0607,Cc_0607_4,Cc,0,NA,NA,NA,Piplartine,5,,,,,,,,,
,,,28.17,85.04,4,24.26,,24.26,1,c5,4,con,Piplartine,Cc_0607,Cc_0607_1,Cc,0,NA,NA,NA,Piplartine,5,,,,,,,,,
,,,28.17,113.21,5,16.34,,16.34,1,p4,5,pipl,Piplartine,Cc_0607,Cc_0607_1,Cc,0,NA,NA,NA,Piplartine,5,,,,,,,,,
,,,0.17,143.49,7,0.17,,0.17,NA,c2,6,con,Piplartine,Cc_0607,Cc_0607_NA,Cc,0,NA,NA,NA,Piplartine,5,,,,,,,,,
,,,0.17,143.49,7,0.17,,0.17,NA,p2,6,pipl,Piplartine,Cc_0607,Cc_0607_NA,Cc,0,NA,NA,NA,Piplartine,5,,,,,,,,,
,,,0.17,143.49,7,0.17,,0.17,NA,p5,6,pipl,Piplartine,Cc_0607,Cc_0607_NA,Cc,0,NA,NA,NA,Piplartine,5,,,,,,,,,
,,,41.13,0,0,12.42,,12.42,1,p2,1,pipl,Piplartine,Cp_0608,Cp_0608_1,Cp,0,NA,NA,NA,Piplartine,1,,,,,,,,,
,,,13.42,123.5,3,13.42,,13.42,1,p1,2,pipl,Piplartine,Cp_0608,Cp_0608_1,Cp,0,NA,NA,NA,Piplartine,1,,,,,,,,,
,,,13.42,123.5,3,13.42,,13.42,1,p3,2,pipl,Piplartine,Cp_0608,Cp_0608_1,Cp,0,NA,NA,NA,Piplartine,1,,,,,,,,,
,,,13.42,123.5,3,13.42,,13.42,1,p4,2,pipl,Piplartine,Cp_0608,Cp_0608_1,Cp,0,NA,NA,NA,Piplartine,1,,,,,,,,,
,,,13.42,123.5,3,13.42,,13.42,1,p5,2,pipl,Piplartine,Cp_0608,Cp_0608_1,Cp,0,NA,NA,NA,Piplartine,1,,,,,,,,,
,,,13.42,123.5,3,13.42,,13.42,1,c1,2,con,Piplartine,Cp_0608,Cp_0608_1,Cp,0,NA,NA,NA,Piplartine,1,,,,,,,,,
,,,13.42,123.5,3,13.42,,13.42,1,c2,2,con,Piplartine,Cp_0608,Cp_0608_1,Cp,0,NA,NA,NA,Piplartine,1,,,,,,,,,
,,,13.42,123.5,3,13.42,,13.42,1,c3,2,con,Piplartine,Cp_0608,Cp_0608_1,Cp,0,NA,NA,NA,Piplartine,1,,,,,,,,,
,,,13.42,123.5,3,13.42,,13.42,1,c4,2,con,Piplartine,Cp_0608,Cp_0608_1,Cp,0,NA,NA,NA,Piplartine,1,,,,,,,,,
,,,13.42,123.5,3,13.42,,13.42,1,c5,2,con,Piplartine,Cp_0608,Cp_0608_1,Cp,0,NA,NA,NA,Piplartine,1,,,,,,,,,
,,,58,0,0,,8.28,8.28,1,p4,1,pipl,Piplartine,Cs_0608,Cs_0608_1,Cs,0,NA,NA,NA,Piplartine,1,,,,,,,,,
,,,58,0,0,,49.4,49.4,1,c1,2,con,Piplartine,Cs_0608,Cs_0608_1,Cs,0,NA,NA,NA,Piplartine,1,,,,,,,,,
,,,58,0,0,,53.1,53.1,1,p3,3,pipl,Piplartine,Cs_0608,Cs_0608_1,Cs,0,NA,NA,NA,Piplartine,1,,,,,,,,,
,,,59.05,58,16,35.33,,35.33,1,p5,4,pipl,Piplartine,Cs_0608,Cs_0608_1,Cs,0,NA,NA,NA,Piplartine,1,,,,,,,,,
,,,20.12,117.05,17,20.12,,20.12,1,p1,5,pipl,Piplartine,Cs_0608,Cs_0608_1,Cs,0,NA,NA,NA,Piplartine,1,,,,,,,,,
,,,20.12,117.05,17,20.12,,20.12,1,p2,5,pipl,Piplartine,Cs_0608,Cs_0608_1,Cs,0,NA,NA,NA,Piplartine,1,,,,,,,,,
,,,20.12,117.05,17,20.12,,20.12,1,c2,5,con,Piplartine,Cs_0608,Cs_0608_1,Cs,0,NA,NA,NA,Piplartine,1,,,,,,,,,
,,,20.12,117.05,17,20.12,,20.12,1,c3,5,con,Piplartine,Cs_0608,Cs_0608_1,Cs,0,NA,NA,NA,Piplartine,1,,,,,,,,,
,,,20.12,117.05,17,20.12,,20.12,1,c4,5,con,Piplartine,Cs_0608,Cs_0608_1,Cs,0,NA,NA,NA,Piplartine,1,,,,,,,,,
,,,20.12,117.05,17,20.12,,20.12,1,c5,5,con,Piplartine,Cs_0608,Cs_0608_1,Cs,0,NA,NA,NA,Piplartine,1,,,,,,,,,
,,,41.19,41.14,1,12.34,,12.34,1,p5,1,pipl,Piplartine,Cc_0608,Cc_0608_1,Cc,0,NA,NA,NA,Piplartine,1,,,,,,,,,
,,,41.14,82.33,2,,34.05,34.05,1,c1,2,con,Piplartine,Cc_0608,Cc_0608_1,Cc,0,NA,NA,NA,Piplartine,1,,,,,,,,,
,,,13.44,123.47,3,13.44,,13.44,1,p4,3,pipl,Piplartine,Cc_0608,Cc_0608_1,Cc,0,NA,NA,NA,Piplartine,1,,,,,,,,,
,,,13.44,123.47,3,13.44,,13.44,1,p3,3,pipl,Piplartine,Cc_0608,Cc_0608_1,Cc,0,NA,NA,NA,Piplartine,1,,,,,,,,,
,,,13.44,123.47,3,13.44,,13.44,1,p2,3,pipl,Piplartine,Cc_0608,Cc_0608_1,Cc,0,NA,NA,NA,Piplartine,1,,,,,,,,,
,,,13.44,123.47,3,13.44,,13.44,1,p1,3,pipl,Piplartine,Cc_0608,Cc_0608_1,Cc,0,NA,NA,NA,Piplartine,1,,,,,,,,,
,,,13.44,123.47,3,13.44,,13.44,1,c2,3,con,Piplartine,Cc_0608,Cc_0608_1,Cc,0,NA,NA,NA,Piplartine,1,,,,,,,,,
,,,13.44,123.47,3,13.44,,13.44,1,c3,3,con,Piplartine,Cc_0608,Cc_0608_1,Cc,0,NA,NA,NA,Piplartine,1,,,,,,,,,
,,,13.44,123.47,3,13.44,,13.44,1,c4,3,con,Piplartine,Cc_0608,Cc_0608_1,Cc,0,NA,NA,NA,Piplartine,1,,,,,,,,,
,,,13.44,123.47,3,13.44,,13.44,1,c5,3,con,Piplartine,Cc_0608,Cc_0608_1,Cc,0,NA,NA,NA,Piplartine,1,,,,,,,,,
,,,41.18,0,0,,5.28,5.28,1,f2,1,con,PxP,Cc_0710,Cc_0710_1,Cc,0,NA,NA,NA,PxP,3,,,,,,,,,
,,,41.18,0,0,,6.05,6.05,2,f4,2,con,PxP,Cc_0710,Cc_0710_2,Cc,0,NA,NA,NA,PxP,3,,,,,,,,,
,,,41.18,0,0,,9.05,9.05,3,f3,3,con,PxP,Cc_0710,Cc_0710_3,Cc,0,NA,NA,NA,PxP,3,,,,,,,,,
,,,41.18,0,0,,14.09,14.09,1,f9,4,pxp,PxP,Cc_0710,Cc_0710_1,Cc,0,NA,NA,NA,PxP,3,,,,,,,,,
,,,41.18,0,0,,24.01,24.01,1,f1,5,con,PxP,Cc_0710,Cc_0710_1,Cc,0,NA,NA,NA,PxP,3,,,,,,,,,
,,,41.15,41.18,1,,4.03,4.03,1,f7,6,pxp,PxP,Cc_0710,Cc_0710_1,Cc,0,NA,NA,NA,PxP,3,,,,,,,,,
,,,41.22,82.33,2,,6.55,6.55,1,f8,7,pxp,PxP,Cc_0710,Cc_0710_1,Cc,0,NA,NA,NA,PxP,3,,,,,,,,,
,,,4.57,123.55,3,4.57,,4.57,NA,f5,8,con,PxP,Cc_0710,Cc_0710_NA,Cc,0,NA,NA,NA,PxP,3,,,,,,,,,
,,,4.57,123.55,3,4.57,,4.57,NA,f6,8,pxp,PxP,Cc_0710,Cc_0710_NA,Cc,0,NA,NA,NA,PxP,3,,,,,,,,,
,,,4.57,123.55,3,4.57,,4.57,NA,f10,8,pxp,PxP,Cc_0710,Cc_0710_NA,Cc,0,NA,NA,NA,PxP,3,,,,,,,,,
,,,41.18,0,1,,6.17,6.17,1,f8,1,pxp,PxP,Cp_0710,Cp_0710_1,Cp,0,NA,NA,NA,PxP,5,,,,,,,,,
,,,41.18,0,1,,7.19,7.19,3,f7,2,pxp,PxP,Cp_0710,Cp_0710_3,Cp,0,NA,NA,NA,PxP,5,,,,,,,,,
,,,41.18,0,1,9.24,,9.24,5,f2,3,con,PxP,Cp_0710,Cp_0710_5,Cp,0,NA,NA,NA,PxP,5,,,,,,,,,
,,,41.18,0,1,,15.12,15.12,3,f4,4,con,PxP,Cp_0710,Cp_0710_3,Cp,0,NA,NA,NA,PxP,5,,,,,,,,,
,,,41.18,0,1,,30.44,30.44,1,f3,5,con,PxP,Cp_0710,Cp_0710_1,Cp,0,NA,NA,NA,PxP,5,,,,,,,,,
,,,41.18,0,1,,33.39,33.39,2,f5,6,con,PxP,Cp_0710,Cp_0710_2,Cp,0,NA,NA,NA,PxP,5,,,,,,,,,
,,,41.16,41.18,2,,12.38,12.38,3,f10,7,pxp,PxP,Cp_0710,Cp_0710_3,Cp,0,NA,NA,NA,PxP,5,,,,,,,,,
,,,41.16,41.18,2,,21.03,21.03,1,f6,8,pxp,PxP,Cp_0710,Cp_0710_1,Cp,0,NA,NA,NA,PxP,5,unknown f1 nfate and f9,,,,,,,,
,,,41.17,0,0,,12.24,12.24,1,f10,1,pxp,PxP,Cs_0710,Cs_0710_1,Cs,0,NA,NA,NA,PxP,2,,,,,,,,,
,,,41.17,0,0,,26.53,26.53,1,f3,2,con,PxP,Cs_0710,Cs_0710_1,Cs,0,NA,NA,NA,PxP,2,,,,,,,,,
,,,41.17,0,0,,33.56,33.56,1,f9,3,pxp,PxP,Cs_0710,Cs_0710_1,Cs,0,NA,NA,NA,PxP,2,,,,,,,,,
,,,41.13,41.17,16,,6.12,6.12,2,f4,4,con,PxP,Cs_0710,Cs_0710_2,Cs,0,NA,NA,NA,PxP,2,,,,,,,,,
,,,41.13,41.17,16,,22.18,22.18,2,f2,5,con,PxP,Cs_0710,Cs_0710_2,Cs,0,NA,NA,NA,PxP,2,,,,,,,,,
,,,41.13,41.17,16,,38.57,38.57,1,f8,6,pxp,PxP,Cs_0710,Cs_0710_1,Cs,0,NA,NA,NA,PxP,2,,,,,,,,,
,,,41.12,82.3,17,,5.22,5.22,2,f6,7,pxp,PxP,Cs_0710,Cs_0710_2,Cs,0,NA,NA,NA,PxP,2,,,,,,,,,
,,,41.12,82.3,17,,28.13,28.13,2,f5,8,con,PxP,Cs_0710,Cs_0710_2,Cs,0,NA,NA,NA,PxP,2,,,,,,,,,
,,,0.59,83.42,18,0.59,,0.59,NA,f1,9,con,PxP,Cs_0710,Cs_0710_NA,Cs,0,NA,NA,NA,PxP,2,,,,,,,,,
,,,0.59,83.42,18,0.59,,0.59,NA,f7,9,pxp,PxP,Cs_0710,Cs_0710_NA,Cs,0,NA,NA,NA,PxP,2,,,,,,,,,
,,,41.21,0,0,,3.37,3.37,1,f9,1,con,PxP,Cc_0711,Cc_0711_1,Cc,0,NA,NA,NA,PxP,3,,,,,,,,,
,,,41.21,0,0,,6.36,6.36,1,f8,2,con,PxP,Cc_0711,Cc_0711_1,Cc,0,NA,NA,NA,PxP,3,,,,,,,,,
,,,41.21,0,0,13.43,,13.43,3,f1,3,pxp,PxP,Cc_0711,Cc_0711_3,Cc,0,NA,NA,NA,PxP,3,,,,,,,,,
,,,41.21,0,0,,21.46,21.46,1,f7,4,con,PxP,Cc_0711,Cc_0711_1,Cc,0,NA,NA,NA,PxP,3,,,,,,,,,
,,,41.18,41.21,1,,10.42,10.42,3,f10,5,con,PxP,Cc_0711,Cc_0711_3,Cc,0,NA,NA,NA,PxP,3,,,,,,,,,
,,,21.43,123.53,3,,9.49,9.49,3,f3,6,pxp,PxP,Cc_0711,Cc_0711_3,Cc,0,NA,NA,NA,PxP,3,,,,,,,,,
,,,21.43,123.53,3,,20,20,1,f6,7,con,PxP,Cc_0711,Cc_0711_1,Cc,0,NA,NA,NA,PxP,3,,,,,,,,,
,,,21.43,123.53,3,21.43,,21.43,NA,f1,8,pxp,PxP,Cc_0711,Cc_0711_NA,Cc,0,NA,NA,NA,PxP,3,,,,,,,,,
,,,21.43,123.53,3,21.43,,21.43,NA,f2,8,pxp,PxP,Cc_0711,Cc_0711_NA,Cc,0,NA,NA,NA,PxP,3,,,,,,,,,
,,,21.43,123.53,3,21.43,,21.43,NA,f4,8,pxp,PxP,Cc_0711,Cc_0711_NA,Cc,0,NA,NA,NA,PxP,3,,,,,,,,,
,,,41.13,0,1,,20.38,20.38,1,f8,1,con,PxP,Cp_0711,Cp_0711_1,Cp,0,NA,NA,NA,PxP,2,,,,,,,,,
,,,41.21,41.13,2,,17.3,17.3,1,f9,2,con,PxP,Cp_0711,Cp_0711_1,Cp,0,NA,NA,NA,PxP,2,,,,,,,,,
,,,41.21,41.13,2,,25.25,25.25,2,f4,3,pxp,PxP,Cp_0711,Cp_0711_2,Cp,0,NA,NA,NA,PxP,2,,,,,,,,,
,,,26.23,123.54,4,26.23,,26.23,NA,f1,4,pxp,PxP,Cp_0711,Cp_0711_NA,Cp,0,NA,NA,NA,PxP,2,,,,,,,,,
,,,26.23,123.54,4,26.23,,26.23,NA,f2,4,pxp,PxP,Cp_0711,Cp_0711_NA,Cp,0,NA,NA,NA,PxP,2,,,,,,,,,
,,,26.23,123.54,4,26.23,,26.23,NA,f3,4,pxp,PxP,Cp_0711,Cp_0711_NA,Cp,0,NA,NA,NA,PxP,2,,,,,,,,,
,,,26.23,123.54,4,26.23,,26.23,NA,f5,4,pxp,PxP,Cp_0711,Cp_0711_NA,Cp,0,NA,NA,NA,PxP,2,,,,,,,,,
,,,26.23,123.54,4,26.23,,26.23,NA,f6,4,con,PxP,Cp_0711,Cp_0711_NA,Cp,0,NA,NA,NA,PxP,2,,,,,,,,,
,,,26.23,123.54,4,26.23,,26.23,NA,f7,4,con,PxP,Cp_0711,Cp_0711_NA,Cp,0,NA,NA,NA,PxP,2,,,,,,,,,
,,,26.23,123.54,4,26.23,,26.23,NA,f10,4,con,PxP,Cp_0711,Cp_0711_NA,Cp,0,NA,NA,NA,PxP,2,,,,,,,,,
,,,41.18,0,0,,5.15,5.15,1,f9,1,con,PxP,Cs_0711,Cs_0711_1,Cs,0,NA,NA,NA,PxP,2,,,,,,,,,
,,,41.16,41.18,16,,29.49,29.49,1,f2,2,pxp,PxP,Cs_0711,Cs_0711_1,Cs,0,NA,NA,NA,PxP,2,,,,,,,,,
,,,41.16,82.34,17,,3.43,3.43,1,f5,3,pxp,PxP,Cs_0711,Cs_0711_1,Cs,0,NA,NA,NA,PxP,2,,,,,,,,,
,,,41.16,82.34,17,,40.45,40.45,1,f3,4,pxp,PxP,Cs_0711,Cs_0711_1,Cs,0,NA,NA,NA,PxP,2,,,,,,,,,
,,,26.24,123.5,18,26.24,,26.24,NA,f1,5,pxp,PxP,Cs_0711,Cs_0711_NA,Cs,0,NA,NA,NA,PxP,2,,,,,,,,,
,,,26.24,123.5,18,26.24,,26.24,NA,f4,5,pxp,PxP,Cs_0711,Cs_0711_NA,Cs,0,NA,NA,NA,PxP,2,,,,,,,,,
,,,26.24,123.5,18,26.24,,26.24,NA,f6,5,con,PxP,Cs_0711,Cs_0711_NA,Cs,0,NA,NA,NA,PxP,2,,,,,,,,,
,,,26.24,123.5,18,26.24,,26.24,NA,f7,5,con,PxP,Cs_0711,Cs_0711_NA,Cs,0,NA,NA,NA,PxP,2,,,,,,,,,
,,,26.24,123.5,18,26.24,,26.24,NA,f8,5,con,PxP,Cs_0711,Cs_0711_NA,Cs,0,NA,NA,NA,PxP,2,,,,,,,,,
,,,26.24,123.5,18,26.24,,26.24,NA,f10,5,con,PxP,Cs_0711,Cs_0711_NA,Cs,0,NA,NA,NA,PxP,2,,,,,,,,,
,,,41.22,0,0,9.23,,9.23,1,f3,1,con,PxP,Cc_0712,Cc_0712_1,Cc,0,NA,NA,NA,PxP,1,,,,,,,,,
,,,41.22,0,0,,24.37,24.37,1,f4,2,con,PxP,Cc_0712,Cc_0712_1,Cc,0,NA,NA,NA,PxP,1,,,,,,,,,
,,,41.12,82.43,2,,26.47,26.47,1,f5,3,con,PxP,Cc_0712,Cc_0712_1,Cc,0,NA,NA,NA,PxP,1,,,,,,,,,
,,,5.37,123.55,3,5.37,,5.37,NA,f1,4,con,PxP,Cc_0712,Cc_0712_NA,Cc,0,NA,NA,NA,PxP,1,,,,,,,,,
,,,5.37,123.55,3,5.37,,5.37,NA,f6,4,pxp,PxP,Cc_0712,Cc_0712_NA,Cc,0,NA,NA,NA,PxP,1,,,,,,,,,
,,,5.37,123.55,3,5.37,,5.37,NA,f7,4,pxp,PxP,Cc_0712,Cc_0712_NA,Cc,0,NA,NA,NA,PxP,1,,,,,,,,,
,,,5.37,123.55,3,5.37,,5.37,NA,f8,4,pxp,PxP,Cc_0712,Cc_0712_NA,Cc,0,NA,NA,NA,PxP,1,,,,,,,,,
,,,5.37,123.55,3,5.37,,5.37,NA,f9,4,pxp,PxP,Cc_0712,Cc_0712_NA,Cc,0,NA,NA,NA,PxP,1,,,,,,,,,
,,,5.37,123.55,3,5.37,,5.37,NA,f10,4,pxp,PxP,Cc_0712,Cc_0712_NA,Cc,0,NA,NA,NA,PxP,1,unknown for f2,,,,,,,,
,,,41.2,0,0,,10.14,10.14,1,f9,1,pxp,PxP,Cs_0712,Cs_0712_1,Cs,0,NA,NA,NA,PxP,3,f6 knocked over,,,,,,,,
,,,41.15,41.2,16,,4.19,4.19,2,f7,2,pxp,PxP,Cs_0712,Cs_0712_2,Cs,0,NA,NA,NA,PxP,3,,,,,,,,,
,,,5.5,123.47,18,5.5,,5.5,NA,f1,3,con,PxP,Cs_0712,Cs_0712_NA,Cs,0,NA,NA,NA,PxP,3,,,,,,,,,
,,,5.5,123.47,18,5.5,,5.5,NA,f2,3,con,PxP,Cs_0712,Cs_0712_NA,Cs,0,NA,NA,NA,PxP,3,,,,,,,,,
,,,5.5,123.47,18,5.5,,5.5,NA,f3,3,con,PxP,Cs_0712,Cs_0712_NA,Cs,0,NA,NA,NA,PxP,3,,,,,,,,,
,,,5.5,123.47,18,5.5,,5.5,NA,f4,3,con,PxP,Cs_0712,Cs_0712_NA,Cs,0,NA,NA,NA,PxP,3,,,,,,,,,
,,,5.5,123.47,18,5.5,,5.5,NA,f5,3,con,PxP,Cs_0712,Cs_0712_NA,Cs,0,NA,NA,NA,PxP,3,,,,,,,,,
,,,5.5,123.47,18,5.5,,5.5,NA,f8,3,pxp,PxP,Cs_0712,Cs_0712_NA,Cs,0,NA,NA,NA,PxP,3,,,,,,,,,
,,,5.5,123.47,18,5.5,,5.5,NA,f10,3,pxp,PxP,Cs_0712,Cs_0712_NA,Cs,0,NA,NA,NA,PxP,3,,,,,,,,,
,,,41.17,0,4,,15,15,1,f10,1,con,PxP,Cc_0713a,Cc_0713a_1,Cc,0,NA,NA,NA,PxP,3,which side is which treatment? Not mentioned in video or comments,,,,,,,,
,,,41.2,41.17,5,,4.5,4.5,3,f1,2,pxp,PxP,Cc_0713a,Cc_0713a_3,Cc,0,NA,NA,NA,PxP,3,,,,,,,,,
,,,41.2,41.17,5,,34.26,34.26,1,f8,3,con,PxP,Cc_0713a,Cc_0713a_1,Cc,0,NA,NA,NA,PxP,3,,,,,,,,,
,,,41.19,82.37,6,,33.26,33.26,NA,f7,4,con,PxP,Cc_0713a,Cc_0713a_NA,Cc,0,NA,NA,NA,PxP,3,,,,,,,,,
,,,13.21,123.58,7,13.21,,13.21,NA,f2,5,pxp,PxP,Cc_0713a,Cc_0713a_NA,Cc,0,NA,NA,NA,PxP,3,,,,,,,,,
,,,13.21,123.58,7,13.21,,13.21,NA,f3,5,pxp,PxP,Cc_0713a,Cc_0713a_NA,Cc,0,NA,NA,NA,PxP,3,,,,,,,,,
,,,13.21,123.58,7,13.21,,13.21,NA,f4,5,pxp,PxP,Cc_0713a,Cc_0713a_NA,Cc,0,NA,NA,NA,PxP,3,,,,,,,,,
,,,13.21,123.58,7,13.21,,13.21,NA,f5,5,pxp,PxP,Cc_0713a,Cc_0713a_NA,Cc,0,NA,NA,NA,PxP,3,,,,,,,,,
,,,13.21,123.58,7,13.21,,13.21,NA,f6,5,con,PxP,Cc_0713a,Cc_0713a_NA,Cc,0,NA,NA,NA,PxP,3,,,,,,,,,
,,,13.21,123.58,7,13.21,,13.21,NA,f9,5,con,PxP,Cc_0713a,Cc_0713a_NA,Cc,0,NA,NA,NA,PxP,3,,,,,,,,,
,,,41.22,0,2,,7.14,7.14,4,f3,1,pxp,PxP,Cc_0713b,Cc_0713b_4,Cc,0,NA,NA,NA,PxP,4,,,,,,,,,
,,,41.22,0,2,,9.06,9.06,4,f2,2,pxp,PxP,Cc_0713b,Cc_0713b_4,Cc,0,NA,NA,NA,PxP,4,,,,,,,,,
,,,41.22,0,2,,15.1,15.1,2,f1,3,pxp,PxP,Cc_0713b,Cc_0713b_2,Cc,0,NA,NA,NA,PxP,4,,,,,,,,,
,,,41.22,0,2,,22.26,22.26,2,f9,4,con,PxP,Cc_0713b,Cc_0713b_2,Cc,0,NA,NA,NA,PxP,4,,,,,,,,,
,,,41.15,41.22,3,,26.07,26.07,NA,f8,5,con,PxP,Cc_0713b,Cc_0713b_NA,Cc,0,NA,NA,NA,PxP,4,,,,,,,,,
,,,41.15,41.22,3,,33.13,33.13,4,f7,6,con,PxP,Cc_0713b,Cc_0713b_4,Cc,0,NA,NA,NA,PxP,4,,,,,,,,,
,,,41.15,41.22,3,,38.57,38.57,5,f10,7,con,PxP,Cc_0713b,Cc_0713b_5,Cc,0,NA,NA,NA,PxP,4,,,,,,,,,
,,,41.22,82.37,4,,1.1,1.1,6,f6,8,con,PxP,Cc_0713b,Cc_0713b_6,Cc,0,NA,NA,NA,PxP,4,,,,,,,,,
,,,22.1,123.59,5,22.1,,22.1,NA,f4,9,pxp,PxP,Cc_0713b,Cc_0713b_NA,Cc,0,NA,NA,NA,PxP,4,,,,,,,,,
,,,22.1,123.59,5,22.1,,22.1,NA,f5,9,pxp,PxP,Cc_0713b,Cc_0713b_NA,Cc,0,NA,NA,NA,PxP,4,,,,,,,,,
,,,42.53,42.56,20,,5.15,5.15,2,f1,1,pxp,PxP,Cs_0713,Cs_0713_2,Cs,0,NA,NA,NA,PxP,3,,,,,,,,,
,,,42.53,42.56,20,9.15,,9.15,3,f10,2,con,PxP,Cs_0713,Cs_0713_3,Cs,0,NA,NA,NA,PxP,3,,,,,,,,,
,,,42.53,42.56,20,12.17,,12.17,3,f9,3,con,PxP,Cs_0713,Cs_0713_3,Cs,0,NA,NA,NA,PxP,3,,,,,,,,,
,,,42.27,85.49,21,,7.43,7.43,1,f4,4,pxp,PxP,Cs_0713,Cs_0713_1,Cs,0,NA,NA,NA,PxP,3,,,,,,,,,
,,,42.27,85.49,21,,36.3,36.3,3,f7,5,con,PxP,Cs_0713,Cs_0713_3,Cs,0,NA,NA,NA,PxP,3,f8 unknown,,,,,,,,
,,,5.43,128.16,22,5.43,,5.43,NA,f2,6,pxp,PxP,Cs_0713,Cs_0713_NA,Cs,0,NA,NA,NA,PxP,3,,,,,,,,,
,,,5.43,128.16,22,5.43,,5.43,NA,f3,6,pxp,PxP,Cs_0713,Cs_0713_NA,Cs,0,NA,NA,NA,PxP,3,,,,,,,,,
,,,5.43,128.16,22,5.43,,5.43,NA,f5,6,pxp,PxP,Cs_0713,Cs_0713_NA,Cs,0,NA,NA,NA,PxP,3,,,,,,,,,
,,,5.43,128.16,22,5.43,,5.43,NA,f6,6,con,PxP,Cs_0713,Cs_0713_NA,Cs,0,NA,NA,NA,PxP,3,,,,,,,,,
,,,41.13,123.46,4,,0.42,0.42,1,f2,1,con,PxP,Cp_0714,Cp_0714_1,Cp,0,NA,NA,NA,Pxp,2,trial stopped at 34.40 in clip 4,,,,,,,,
,,,34.4,123.46,4,,20.32,20.32,1,f1,2,con,PxP,Cp_0714,Cp_0714_1,Cp,0,NA,NA,NA,Pxp,2,,,,,,,,,
,,,34.4,123.46,4,34.4,,34.4,NA,f3,3,con,PxP,Cp_0714,Cp_0714_NA,Cp,0,NA,NA,NA,Pxp,2,,,,,,,,,
,,,34.4,123.46,4,34.4,,34.4,NA,f4,3,con,PxP,Cp_0714,Cp_0714_NA,Cp,0,NA,NA,NA,Pxp,2,,,,,,,,,
,,,34.4,123.46,4,34.4,,34.4,NA,f5,3,con,PxP,Cp_0714,Cp_0714_NA,Cp,0,NA,NA,NA,Pxp,2,,,,,,,,,
,,,34.4,123.46,4,34.4,,34.4,NA,f6,3,pxp,PxP,Cp_0714,Cp_0714_NA,Cp,0,NA,NA,NA,Pxp,2,,,,,,,,,
,,,34.4,123.46,4,34.4,,34.4,NA,f7,3,pxp,PxP,Cp_0714,Cp_0714_NA,Cp,0,NA,NA,NA,Pxp,2,,,,,,,,,
,,,34.4,123.46,4,34.4,,34.4,NA,f8,3,pxp,PxP,Cp_0714,Cp_0714_NA,Cp,0,NA,NA,NA,Pxp,2,,,,,,,,,
,,,34.4,123.46,4,34.4,,34.4,NA,f9,3,pxp,PxP,Cp_0714,Cp_0714_NA,Cp,0,NA,NA,NA,Pxp,2,,,,,,,,,
,,,34.4,123.46,4,34.4,,34.4,NA,f10,3,pxp,PxP,Cp_0714,Cp_0714_NA,Cp,0,NA,NA,NA,Pxp,2,,,,,,,,,
,,,41.19,0,0,,23.22,23.22,2,f3,2,con,PxP,Cp2_0714,Cp2_0714_2,Cp,0,NA,NA,NA,PxP,2,f2 fate unknown,,,,,,,,
,,,31.33,124.59,3,31.33,,31.33,NA,f1,2,con,PxP,Cp2_0714,Cp2_0714_NA,Cp,0,NA,NA,NA,PxP,2,,,,,,,,,
,,,31.33,124.59,3,31.33,,31.33,NA,f4,2,con,PxP,Cp2_0714,Cp2_0714_NA,Cp,0,NA,NA,NA,PxP,2,,,,,,,,,
,,,31.33,124.59,3,31.33,,31.33,NA,f5,2,con,PxP,Cp2_0714,Cp2_0714_NA,Cp,0,NA,NA,NA,PxP,2,,,,,,,,,
,,,31.33,124.59,3,31.33,,31.33,NA,f6,2,pxp,PxP,Cp2_0714,Cp2_0714_NA,Cp,0,NA,NA,NA,PxP,2,,,,,,,,,
,,,31.33,124.59,3,31.33,,31.33,NA,f7,2,pxp,PxP,Cp2_0714,Cp2_0714_NA,Cp,0,NA,NA,NA,PxP,2,,,,,,,,,
,,,31.33,124.59,3,31.33,,31.33,NA,f8,2,pxp,PxP,Cp2_0714,Cp2_0714_NA,Cp,0,NA,NA,NA,PxP,2,,,,,,,,,
,,,31.33,124.59,3,31.33,,31.33,NA,f9,2,pxp,PxP,Cp2_0714,Cp2_0714_NA,Cp,0,NA,NA,NA,PxP,2,,,,,,,,,
,,,31.33,124.59,3,31.33,,31.33,NA,f10,2,pxp,PxP,Cp2_0714,Cp2_0714_NA,Cp,0,NA,NA,NA,PxP,2,,,,,,,,,
,,,38.23,124.22,19,,14.44,14.44,6,f2,1,con,PxP,Cp3_0714,Cp3_0714_6,Cp,0,NA,NA,NA,PxP,2,,,,,,,,,
,,,38.23,124.22,19,,35,35,6,f3,2,con,PxP,Cp3_0714,Cp3_0714_6,Cp,0,NA,NA,NA,PxP,2,,,,,,,,,
,,,38.23,124.22,19,38.23,,38.23,NA,f1,3,con,PxP,Cp3_0714,Cp3_0714_NA,Cp,0,NA,NA,NA,PxP,2,,,,,,,,,
,,,38.23,124.22,19,38.23,,38.23,NA,f4,3,con,PxP,Cp3_0714,Cp3_0714_NA,Cp,0,NA,NA,NA,PxP,2,,,,,,,,,
,,,38.23,124.22,19,38.23,,38.23,NA,f5,3,con,PxP,Cp3_0714,Cp3_0714_NA,Cp,0,NA,NA,NA,PxP,2,,,,,,,,,
,,,38.23,124.22,19,38.23,,38.23,NA,f6,3,pxp,PxP,Cp3_0714,Cp3_0714_NA,Cp,0,NA,NA,NA,PxP,2,,,,,,,,,
,,,38.23,124.22,19,38.23,,38.23,NA,f7,3,pxp,PxP,Cp3_0714,Cp3_0714_NA,Cp,0,NA,NA,NA,PxP,2,,,,,,,,,
,,,38.23,124.22,19,38.23,,38.23,NA,f8,3,pxp,PxP,Cp3_0714,Cp3_0714_NA,Cp,0,NA,NA,NA,PxP,2,,,,,,,,,
,,,38.23,124.22,19,38.23,,38.23,NA,f9,3,pxp,PxP,Cp3_0714,Cp3_0714_NA,Cp,0,NA,NA,NA,PxP,2,,,,,,,,,
,,,38.23,124.22,19,38.23,,38.23,NA,f10,3,pxp,PxP,Cp3_0714,Cp3_0714_NA,Cp,0,NA,NA,NA,PxP,2,,,,,,,,,
,,,41.22,41.18,1,,9.51,9.51,2,f8,1,con,PxP,Cc_0715,Cc_0715_2,Cc,0,NA,NA,NA,PxP,2,,,,,,,,,
,,,38.28,82.4,2,38.28,,38.28,NA,f1,2,pxp,PxP,Cc_0715,Cc_0715_NA,Cc,0,NA,NA,NA,PxP,2,,,,,,,,,
,,,38.28,82.4,2,38.28,,38.28,NA,f2,2,pxp,PxP,Cc_0715,Cc_0715_NA,Cc,0,NA,NA,NA,PxP,2,,,,,,,,,
,,,38.28,82.4,2,38.28,,38.28,NA,f3,2,pxp,PxP,Cc_0715,Cc_0715_NA,Cc,0,NA,NA,NA,PxP,2,,,,,,,,,
,,,38.28,82.4,2,38.28,,38.28,NA,f4,2,pxp,PxP,Cc_0715,Cc_0715_NA,Cc,0,NA,NA,NA,PxP,2,,,,,,,,,
,,,38.28,82.4,2,38.28,,38.28,NA,f5,2,pxp,PxP,Cc_0715,Cc_0715_NA,Cc,0,NA,NA,NA,PxP,2,,,,,,,,,
,,,38.28,82.4,2,38.28,,38.28,NA,f6,2,con,PxP,Cc_0715,Cc_0715_NA,Cc,0,NA,NA,NA,PxP,2,,,,,,,,,
,,,38.28,82.4,2,38.28,,38.28,NA,f7,2,con,PxP,Cc_0715,Cc_0715_NA,Cc,0,NA,NA,NA,PxP,2,,,,,,,,,
,,,38.28,82.4,2,38.28,,38.28,NA,f9,2,con,PxP,Cc_0715,Cc_0715_NA,Cc,0,NA,NA,NA,PxP,2,,,,,,,,,
,,,38.28,82.4,2,38.28,,38.28,NA,f10,2,con,PxP,Cc_0715,Cc_0715_NA,Cc,0,NA,NA,NA,PxP,2,,,,,,,,,
,,,36.47,119.28,3,36.47,,36.47,NA,f1,1,pxp,PxP,Cp_0715,Cp_0715_NA,Cp,0,NA,NA,NA,PxP,1,,,,,,,,,
,,,36.47,119.28,last,36.47,,36.47,NA,f2,1,pxp,PxP,Cp_0715,Cp_0715_NA,Cp,0,NA,NA,NA,PxP,1,,,,,,,,,
,,,36.47,119.28,last,36.47,,36.47,NA,f3,1,pxp,PxP,Cp_0715,Cp_0715_NA,Cp,0,NA,NA,NA,PxP,1,,,,,,,,,
,,,36.47,119.28,last,36.47,,36.47,NA,f4,1,pxp,PxP,Cp_0715,Cp_0715_NA,Cp,0,NA,NA,NA,PxP,1,,,,,,,,,
,,,36.47,119.28,last,36.47,,36.47,NA,f5,1,pxp,PxP,Cp_0715,Cp_0715_NA,Cp,0,NA,NA,NA,PxP,1,,,,,,,,,
,,,36.47,119.28,last,36.47,,36.47,NA,f6,1,con,PxP,Cp_0715,Cp_0715_NA,Cp,0,NA,NA,NA,PxP,1,,,,,,,,,
,,,36.47,119.28,last,36.47,,36.47,NA,f7,1,con,PxP,Cp_0715,Cp_0715_NA,Cp,0,NA,NA,NA,PxP,1,,,,,,,,,
,,,36.47,119.28,last,36.47,,36.47,NA,f8,1,con,PxP,Cp_0715,Cp_0715_NA,Cp,0,NA,NA,NA,PxP,1,,,,,,,,,
,,,36.47,119.28,last,36.47,,36.47,NA,f9,1,con,PxP,Cp_0715,Cp_0715_NA,Cp,0,NA,NA,NA,PxP,1,,,,,,,,,
,,,36.47,119.28,last,36.47,,36.47,NA,f10,1,con,PxP,Cp_0715,Cp_0715_NA,Cp,0,NA,NA,NA,PxP,1,,,,,,,,,
,,,41.24,0,0,,40.32,40.32,5,f9,1,pxp,PxP,Cc1_0716,Cc1_0716_5,Cc,0,NA,NA,NA,PxP,3,f8 unknown,,,,,,,,
,,,41.16,41.25,1,,20.39,20.39,6,f1,2,con,PxP,Cc1_0716,Cc1_0716_6,Cc,0,NA,NA,NA,PxP,3,,,,,,,,,
,,,41.2,82.41,2,,7.25,7.25,3,f10,3,pxp,PxP,Cc1_0716,Cc1_0716_3,Cc,0,NA,NA,NA,PxP,3,which side is which treatment? Not mentioned in video or comments,,,,,,,,
,,,41.25,124.01,3,,12.04,12.04,6,f2,4,con,PxP,Cc1_0716,Cc1_0716_6,Cc,0,NA,NA,NA,PxP,3,,,,,,,,,
,,,41.25,124.01,3,,19.25,19.25,6,f3,5,con,PxP,Cc1_0716,Cc1_0716_6,Cc,0,NA,NA,NA,PxP,3,,,,,,,,,
,,,41.25,124.01,3,,36.14,36.14,5,f4,6,con,PxP,Cc1_0716,Cc1_0716_5,Cc,0,NA,NA,NA,PxP,3,,,,,,,,,
,,,0.01,165.26,4,0.01,,0.01,NA,f5,7,con,PxP,Cc1_0716,Cc1_0716_NA,Cc,0,NA,NA,NA,PxP,3,,,,,,,,,
,,,0.01,165.26,4,0.01,,0.01,NA,f6,7,pxp,PxP,Cc1_0716,Cc1_0716_NA,Cc,0,NA,NA,NA,PxP,3,,,,,,,,,
,,,0.01,165.26,4,0.01,,0.01,NA,f7,7,pxp,PxP,Cc1_0716,Cc1_0716_NA,Cc,0,NA,NA,NA,PxP,3,,,,,,,,,
,,,39.18,0,1,,2.03,2.03,4,f4,1,con,PxP,Cc2_0716,Cc2_0716_4,Cc,0,NA,NA,NA,PxP,3,last bat released at 2.03,,,,,,,,
,,,39.18,0,1,,3.48,3.48,2,f3,2,con,PxP,Cc2_0716,Cc2_0716_2,Cc,0,NA,NA,NA,PxP,3,,,,,,,,,
,,,39.18,0,1,,4.19,4.19,1,f2,3,con,PxP,Cc2_0716,Cc2_0716_1,Cc,0,NA,NA,NA,PxP,3,,,,,,,,,
,,,39.18,0,1,,9.44,9.44,na,f10,4,pxp,PxP,Cc2_0716,Cc2_0716_na,Cc,0,NA,NA,NA,PxP,3,,,,,,,,,
,,,41.15,80.35,3,30.17,,30.17,4,f5,5,con,PxP,Cc2_0716,Cc2_0716_4,Cc,0,NA,NA,NA,PxP,3,,,,,,,,,
,,,41.47,121.4,4,12.1,,12.1,4,f6,6,pxp,PxP,Cc2_0716,Cc2_0716_4,Cc,0,NA,NA,NA,PxP,3,,,,,,,,,
,,,41.47,121.4,4,,17.29,17.29,2,f9,7,pxp,PxP,Cc2_0716,Cc2_0716_2,Cc,0,NA,NA,NA,PxP,3,,,,,,,,,
,,,4.05,123.27,5,4.05,,4.05,NA,f1,8,con,PxP,Cc2_0716,Cc2_0716_NA,Cc,0,NA,NA,NA,PxP,3,,,,,,,,,
,,,4.05,123.27,,4.05,,4.05,NA,f7,8,pxp,PxP,Cc2_0716,Cc2_0716_NA,Cc,0,NA,NA,NA,PxP,3,,,,,,,,,
,,,4.05,123.27,5,4.05,,4.05,NA,f8,8,pxp,PxP,Cc2_0716,Cc2_0716_NA,Cc,0,NA,NA,NA,PxP,3,,,,,,,,,
,,,41.57,0,20,,27.02,27.02,1,f9,1,pxp,PxP,Cs_0716,Cs_0716_1,Cs,0,NA,NA,NA,PxP,4,,,,,,,,,
,,,40.33,41.57,21,,35.21,35.21,1,f10,2,pxp,PxP,Cs_0716,Cs_0716_1,Cs,0,NA,NA,NA,PxP,4,,,,,,,,,
,,,40.33,41.57,21,,37.57,37.57,4,f7,3,pxp,PxP,Cs_0716,Cs_0716_4,Cs,0,NA,NA,NA,PxP,4,,,,,,,,,
,,,41.2,82.3,22,,38.12,38.12,4,f8,4,pxp,PxP,Cs_0716,Cs_0716_4,Cs,0,NA,NA,NA,PxP,4,,,,,,,,,
,,,37.46,123.5,23,37.46,,37.46,NA,f1,5,con,PxP,Cs_0716,Cs_0716_NA,Cs,0,NA,NA,NA,PxP,4,,,,,,,,,
,,,37.46,123.5,23,37.46,,37.46,NA,f2,5,con,PxP,Cs_0716,Cs_0716_NA,Cs,0,NA,NA,NA,PxP,4,,,,,,,,,
,,,37.46,123.5,23,37.46,,37.46,NA,f3,5,con,PxP,Cs_0716,Cs_0716_NA,Cs,0,NA,NA,NA,PxP,4,,,,,,,,,
,,,37.46,123.5,23,37.46,,37.46,NA,f4,5,con,PxP,Cs_0716,Cs_0716_NA,Cs,0,NA,NA,NA,PxP,4,,,,,,,,,
,,,37.46,123.5,23,37.46,,37.46,NA,f5,5,con,PxP,Cs_0716,Cs_0716_NA,Cs,0,NA,NA,NA,PxP,4,,,,,,,,,
,,,37.46,123.5,23,37.46,,37.46,NA,f6,5,pxp,PxP,Cs_0716,Cs_0716_NA,Cs,0,NA,NA,NA,PxP,4,,,,,,,,,
,,,41.12,0,0,,2.28,2.28,1,f3,1,con,P. reticulatum ripe,Cc_0718a,Cc_0718a_1,Cc,0,NA,NA,NA,Pr,4,,,,,,,,,
,,,41.12,0,0,,9.3,9.3,na,f7,2,PretR,P. reticulatum ripe,Cc_0718a,Cc_0718a_na,Cc,0,NA,NA,NA,Pr,4,,,,,,,,,
,,,41.12,0,0,,29.45,29.45,3,f2,3,con,P. reticulatum ripe,Cc_0718a,Cc_0718a_3,Cc,0,NA,NA,NA,Pr,4,,,,,,,,,
,,,41.21,41.12,1,,10.44,10.44,1,f4,4,con,P. reticulatum ripe,Cc_0718a,Cc_0718a_1,Cc,0,NA,NA,NA,Pr,4,,,,,,,,,
,,,41.21,41.12,1,,17.57,17.57,1,f1,5,con,P. reticulatum ripe,Cc_0718a,Cc_0718a_1,Cc,0,NA,NA,NA,Pr,4,,,,,,,,,
,,,41.21,41.12,1,,19.32,19.32,1,f5,6,con,P. reticulatum ripe,Cc_0718a,Cc_0718a_1,Cc,0,NA,NA,NA,Pr,4,,,,,,,,,
,,,18.44,123.5,3,,18.44,18.44,na,f6,9,PretR,P. reticulatum ripe,Cc_0718a,Cc_0718a_na,Cc,0,NA,NA,NA,Pr,4,,,,,,,,,
,,,18.44,123.5,3,,18.44,18.44,na,f8,9,PretR,P. reticulatum ripe,Cc_0718a,Cc_0718a_na,Cc,0,NA,NA,NA,Pr,4,,,,,,,,,
,,,18.44,82.33,2,,18.05,18.02,1,f9,8,PretR,P. reticulatum ripe,Cc_0718a,Cc_0718a_1,Cc,0,NA,NA,NA,Pr,4,,,,,,,,,
,,,18.44,82.33,2,,14.36,14.36,3,f10,7,PretR,P. reticulatum ripe,Cc_0718a,Cc_0718a_3,Cc,0,NA,NA,NA,Pr,4,finished review 7/14/2015,,,,,,,,
,,,41.19,0,10,,6.15,6.15,7,f9,1,PretR,P. reticulatum ripe,Cc_0718b,Cc_0718b_7,Cc,0,NA,NA,NA,Pr,4,,,,,,,,,
,,,41.19,0,10,,16.54,16.54,6,f3,2,con,P. reticulatum ripe,Cc_0718b,Cc_0718b_6,Cc,0,NA,NA,NA,Pr,4,,,,,,,,,
,,,41.19,0,10,29.13,,29.13,5,f4,3,con,P. reticulatum ripe,Cc_0718b,Cc_0718b_5,Cc,0,NA,NA,NA,Pr,4,,,,,,,,,
,,,41.19,0,10,,30.58,30.58,7,f2,4,con,P. reticulatum ripe,Cc_0718b,Cc_0718b_7,Cc,0,NA,NA,NA,Pr,4,,,,,,,,,
,,,41.14,41.19,11,,11.26,11.26,7,f5,5,con,P. reticulatum ripe,Cc_0718b,Cc_0718b_7,Cc,0,NA,NA,NA,Pr,4,,,,,,,,,
,,,41.14,82.33,12,,6.36,6.36,6,f7,6,PretR,P. reticulatum ripe,Cc_0718b,Cc_0718b_6,Cc,0,NA,NA,NA,Pr,4,,,,,,,,,
,,,33.48,123.47,13,,2.23,2.23,7,f1,7,con,P. reticulatum ripe,Cc_0718b,Cc_0718b_7,Cc,0,NA,NA,NA,Pr,4,"Clip 00013 @2:23 B7? takes F1, flies NO more left side fruits, stopped review",,,,,,,,
,,,33.48,123.47,13,33.48,,33.48,NA,f10,8,PretR,P. reticulatum ripe,Cc_0718b,Cc_0718b_NA,Cc,0,NA,NA,NA,Pr,4,,,,,,,,,
,,,33.48,123.47,13,33.48,,33.48,NA,f6,8,PretR,P. reticulatum ripe,Cc_0718b,Cc_0718b_NA,Cc,0,NA,NA,NA,Pr,4,,,,,,,,,
,,,33.48,123.47,13,33.48,,33.48,NA,f8,8,PretR,P. reticulatum ripe,Cc_0718b,Cc_0718b_NA,Cc,0,NA,NA,NA,Pr,4,finished review 7/14/2015,,,,,,,,
,,,41.19,0,0,,7.5,7.5,3,f9,1,PretR,P. reticulatum ripe,Cs_0718,Cs_0718_3,Cs,0,NA,NA,NA,Pr,4,"f10 knocked over, excluded",,,,,,,,
,,,41.19,0,0,,10.03,10.03,3,f4,2,con,P. reticulatum ripe,Cs_0718,Cs_0718_3,Cs,0,NA,NA,NA,Pr,4,,,,,,,,,
,,,41.13,41.19,16,,6.5,6.5,3,f3,3,con,P. reticulatum ripe,Cs_0718,Cs_0718_3,Cs,0,NA,NA,NA,Pr,4,,,,,,,,,
,,,41.13,41.19,16,,12.55,12.55,1,f7,4,PretR,P. reticulatum ripe,Cs_0718,Cs_0718_1,Cs,0,NA,NA,NA,Pr,4,,,,,,,,,
,,,41.13,41.19,16,,24.21,24.21,1,f6,5,PretR,P. reticulatum ripe,Cs_0718,Cs_0718_1,Cs,0,NA,NA,NA,Pr,4,,,,,,,,,
,,,41.13,41.19,16,,35.33,35.33,3,f5,6,PretR,P. reticulatum ripe,Cs_0718,Cs_0718_3,Cs,0,NA,NA,NA,Pr,4,,,,,,,,,
,,,41.21,82.32,17,,1.04,1.04,1,f8,7,PretR,P. reticulatum ripe,Cs_0718,Cs_0718_1,Cs,0,NA,NA,NA,Pr,4,"No more fruits on right side, stopped review",,,,,,,,
,,,41.21,82.32,17,,9.42,9.42,1,f2,8,con,P. reticulatum ripe,Cs_0718,Cs_0718_1,Cs,0,NA,NA,NA,Pr,4,,,,,,,,,
,,,0.15,123.53,18,0.15,,0.15,NA,f1,9,con,P. reticulatum ripe,Cs_0718,Cs_0718_NA,Cs,0,NA,NA,NA,Pr,4,finished review 7/14/2015,,,,,,,,
,,,41.13,0,4,,3.17,3.17,1,f7,1,con,P. reticulatum ripe,Cc_0720,Cc_0720_1,Cc,0,NA,NA,NA,Pr,5,,,,,,,,,
,,,41.13,0,4,,6.39,6.39,4,f9,2,con,P. reticulatum ripe,Cc_0720,Cc_0720_4,Cc,0,NA,NA,NA,Pr,5,,,,,,,,,
,,,41.13,0,4,,8.12,8.12,1,f4,3,PretR,P. reticulatum ripe,Cc_0720,Cc_0720_1,Cc,0,NA,NA,NA,Pr,5,,,,,,,,,
,,,41.13,0,4,,10.34,10.34,4,f8,4,con,P. reticulatum ripe,Cc_0720,Cc_0720_4,Cc,0,NA,NA,NA,Pr,5,,,,,,,,,
,,,41.13,0,4,,35.28,35.28,5,f2,5,PretR,P. reticulatum ripe,Cc_0720,Cc_0720_5,Cc,0,NA,NA,NA,Pr,5,,,,,,,,,
,,,41.2,41.13,5,,7.43,7.43,1,f10,6,con,P. reticulatum ripe,Cc_0720,Cc_0720_1,Cc,0,NA,NA,NA,Pr,5,,,,,,,,,
,,,41.14,82.33,6,,14.29,14.29,5,f6,7,con,P. reticulatum ripe,Cc_0720,Cc_0720_5,Cc,0,NA,NA,NA,Pr,5,"No more right side fruits, stopped review",,,,,,,,
,,,41.14,82.33,6,,32.42,32.42,1,f3,8,PretR,P. reticulatum ripe,Cc_0720,Cc_0720_1,Cc,0,NA,NA,NA,Pr,5,,,,,,,,,
,,,27.08,123.47,7,,5.57,5.57,4,f5,9,PretR,P. reticulatum ripe,Cc_0720,Cc_0720_4,Cc,0,NA,NA,NA,Pr,5,,,,,,,,,
,,,27.08,123.47,7,,24.32,24.32,1,f1,10,PretR,P. reticulatum ripe,Cc_0720,Cc_0720_1,Cc,0,NA,NA,NA,Pr,5,finished review 7/14/2015,,,,,,,,
,,,41.23,41.2,1,,2.53,2.53,1,f1,1,PretR,P. reticulatum ripe,Cp_0720,Cp_0720_1,Cp,0,NA,NA,NA,Pr,1,f2 knocked over,,,,,,,,
,,,41.23,41.2,1,,20.3,20.3,1,f4,2,PretR,P. reticulatum ripe,Cp_0720,Cp_0720_1,Cp,0,NA,NA,NA,Pr,1,,,,,,,,,
,,,41.23,41.2,1,,29,29,1,f9,3,con,P. reticulatum ripe,Cp_0720,Cp_0720_1,Cp,0,NA,NA,NA,Pr,1,,,,,,,,,
,,,41.23,41.2,1,,33.3,33.3,1,f8,4,con,P. reticulatum ripe,Cp_0720,Cp_0720_1,Cp,0,NA,NA,NA,Pr,1,,,,,,,,,
,,,41.18,82.43,2,,6.3,6.3,1,f3,5,PretR,P. reticulatum ripe,Cp_0720,Cp_0720_1,Cp,0,NA,NA,NA,Pr,1,,,,,,,,,
,,,41.18,82.43,2,,38.4,38.4,1,f7,6,con,P. reticulatum ripe,Cp_0720,Cp_0720_1,Cp,0,NA,NA,NA,Pr,1,,,,,,,,,
,,,41.22,124.01,3,,22.27,22.27,1,f10,7,con,P. reticulatum ripe,Cp_0720,Cp_0720_1,Cp,0,NA,NA,NA,Pr,1,,,,,,,,,
,,,6.13,165.23,4,6.13,,6.13,1,f5,8,PretR,P. reticulatum ripe,Cp_0720,Cp_0720_1,Cp,0,NA,NA,NA,Pr,1,,,,,,,,,
,,,6.13,165.23,4,6.13,,6.13,1,f6,8,con,P. reticulatum ripe,Cp_0720,Cp_0720_1,Cp,0,NA,NA,NA,Pr,1,,,,,,,,,
,,,41.15,41.14,20,,20.51,20.51,1,f3,1,PretR,P. reticulatum ripe,Cs_0720,Cs_0720_1,Cs,0,NA,NA,NA,Pr,2,,,,,,,,,
,,,41.15,41.14,20,,24.13,24.13,1,f2,2,PretR,P. reticulatum ripe,Cs_0720,Cs_0720_1,Cs,0,NA,NA,NA,Pr,2,,,,,,,,,
,,,41.17,82.29,21,,22.53,22.53,1,f4,3,PretR,P. reticulatum ripe,Cs_0720,Cs_0720_1,Cs,0,NA,NA,NA,Pr,2,,,,,,,,,
,,,41.18,83.46,22,,7.08,7.08,2,f8,4,con,P. reticulatum ripe,Cs_0720,Cs_0720_2,Cs,0,NA,NA,NA,Pr,2,,,,,,,,,
,,,4.56,125.04,23,4.56,,4.56,NA,f1,5,PretR,P. reticulatum ripe,Cs_0720,Cs_0720_NA,Cs,0,NA,NA,NA,Pr,2,,,,,,,,,
,,,4.56,125.04,23,4.56,,4.56,NA,f5,5,PretR,P. reticulatum ripe,Cs_0720,Cs_0720_NA,Cs,0,NA,NA,NA,Pr,2,,,,,,,,,
,,,4.56,125.04,23,4.56,,4.56,NA,f6,5,con,P. reticulatum ripe,Cs_0720,Cs_0720_NA,Cs,0,NA,NA,NA,Pr,2,,,,,,,,,
,,,4.56,125.04,23,4.56,,4.56,NA,f7,5,con,P. reticulatum ripe,Cs_0720,Cs_0720_NA,Cs,0,NA,NA,NA,Pr,2,,,,,,,,,
,,,4.56,125.04,23,4.56,,4.56,NA,f9,5,con,P. reticulatum ripe,Cs_0720,Cs_0720_NA,Cs,0,NA,NA,NA,Pr,2,,,,,,,,,
,,,4.56,125.04,23,4.56,,4.56,NA,f10,5,con,P. reticulatum ripe,Cs_0720,Cs_0720_NA,Cs,0,NA,NA,NA,Pr,2,,,,,,,,,
,,,41.18,0,0,,30.03,30.03,4,f3,1,con,P. reticulatum ripe,Cc_0721,Cc_0721_4,Cc,0,NA,NA,NA,Pr,4,f5 missed,,,,,,,,
,,,41.17,41.18,1,,11.34,11.34,4,f2,2,con,P. reticulatum ripe,Cc_0721,Cc_0721_4,Cc,0,NA,NA,NA,Pr,4,,,,,,,,,
,,,41.17,41.18,1,,22.34,22.34,3,f1,3,con,P. reticulatum ripe,Cc_0721,Cc_0721_3,Cc,0,NA,NA,NA,Pr,4,,,,,,,,,
,,,20.28,123.54,3,20.28,,20.28,NA,f4,4,con,P. reticulatum ripe,Cc_0721,Cc_0721_NA,Cc,0,NA,NA,NA,Pr,4,,,,,,,,,
,,,20.28,123.54,3,20.28,,20.28,NA,f6,4,PretR,P. reticulatum ripe,Cc_0721,Cc_0721_NA,Cc,0,NA,NA,NA,Pr,4,,,,,,,,,
,,,20.28,123.54,3,20.28,,20.28,NA,f7,4,PretR,P. reticulatum ripe,Cc_0721,Cc_0721_NA,Cc,0,NA,NA,NA,Pr,4,,,,,,,,,
,,,20.28,123.54,3,20.28,,20.28,NA,f8,4,PretR,P. reticulatum ripe,Cc_0721,Cc_0721_NA,Cc,0,NA,NA,NA,Pr,4,,,,,,,,,
,,,20.28,123.54,3,20.28,,20.28,NA,f9,4,PretR,P. reticulatum ripe,Cc_0721,Cc_0721_NA,Cc,0,NA,NA,NA,Pr,4,,,,,,,,,
,,,20.28,123.54,3,20.28,,20.28,NA,f10,4,PretR,P. reticulatum ripe,Cc_0721,Cc_0721_NA,Cc,0,NA,NA,NA,Pr,4,,,,,,,,,
,,,41.2,0,0,,8.27,8.27,1,f1,1,con,P. reticulatum ripe,Cs_0721,Cs_0721_1,Cs,0,NA,NA,NA,Pr,4,,,,,,,,,
,,,41.2,0,0,,12.03,12.03,NA,f4,2,con,P. reticulatum ripe,Cs_0721,Cs_0721_NA,Cs,0,NA,NA,NA,Pr,4,,,,,,,,,
,,,41.2,0,0,,31.11,31.11,1,f3,3,con,P. reticulatum ripe,Cs_0721,Cs_0721_1,Cs,0,NA,NA,NA,Pr,4,,,,,,,,,
,,,41.2,0,0,,40.4,40.4,2,f5,4,con,P. reticulatum ripe,Cs_0721,Cs_0721_2,Cs,0,NA,NA,NA,Pr,4,,,,,,,,,
,,,41.22,41.2,16,,27.43,27.43,3,f10,5,PretR,P. reticulatum ripe,Cs_0721,Cs_0721_3,Cs,0,NA,NA,NA,Pr,4,,,,,,,,,
,,,41.22,41.2,16,,30.42,30.42,4,f9,6,PretR,P. reticulatum ripe,Cs_0721,Cs_0721_4,Cs,0,NA,NA,NA,Pr,4,,,,,,,,,
,,,41.22,41.2,16,22.1,,22.1,NA,f2,7,con,P. reticulatum ripe,Cs_0721,Cs_0721_NA,Cs,0,NA,NA,NA,Pr,4,no more left side review,,,,,,,,
,,,41.13,82.42,17,,1.17,1.14,1,f7,7,PretR,P. reticulatum ripe,Cs_0721,Cs_0721_1,Cs,0,NA,NA,NA,Pr,4,,,,,,,,,
,,,41.13,82.42,17,,1.17,1.14,1,f8,7,PretR,P. reticulatum ripe,Cs_0721,Cs_0721_1,Cs,0,NA,NA,NA,Pr,4,,,,,,,,,
,,,41.13,82.42,17,,19.05,19.05,1,f6,8,PretR,P. reticulatum ripe,Cs_0721,Cs_0721_1,Cs,0,NA,NA,NA,Pr,4,finished review 7/14/2015,,,,,,,,
,,,41.16,0,4,,22.19,22.19,1,f2,1,con,P. reticulatum ripe,Cp_0722a,Cp_0722a_1,Cp,0,NA,NA,NA,Pr,4,,,,,,,,,
,,,41.16,0,4,,34.18,34.18,4,f3,2,con,P. reticulatum ripe,Cp_0722a,Cp_0722a_4,Cp,0,NA,NA,NA,Pr,4,,,,,,,,,
,,,41.16,0,4,,34.57,34.57,4,f4,3,con,P. reticulatum ripe,Cp_0722a,Cp_0722a_4,Cp,0,NA,NA,NA,Pr,4,,,,,,,,,
,,,41.16,0,4,,35.21,35.21,5,f1,4,con,P. reticulatum ripe,Cp_0722a,Cp_0722a_5,Cp,0,NA,NA,NA,Pr,4,,,,,,,,,
,,,41.16,0,4,,35.59,35.59,6,f5,5,con,P. reticulatum ripe,Cp_0722a,Cp_0722a_6,Cp,0,NA,NA,NA,Pr,4,,,,,,,,,
,,,41.22,41.16,5,,7.04,7.04,3,f10,6,PretR,P. reticulatum ripe,Cp_0722a,Cp_0722a_3,Cp,0,NA,NA,NA,Pr,4,"No more left side fruits, stopped review",,,,,,,,
,,,41.22,41.16,5,,32.05,32.05,4,f6,7,PretR,P. reticulatum ripe,Cp_0722a,Cp_0722a_4,Cp,0,NA,NA,NA,Pr,4,,,,,,,,,
,,,41.22,41.16,5,,33.33,33.33,1,f9,8,PretR,P. reticulatum ripe,Cp_0722a,Cp_0722a_1,Cp,0,NA,NA,NA,Pr,4,,,,,,,,,
,,,41.22,82.38,6,,37.41,37.41,3,f7,9,PretR,P. reticulatum ripe,Cp_0722a,Cp_0722a_3,Cp,0,NA,NA,NA,Pr,4,,,,,,,,,
,,,41.22,82.38,6,,39.42,39.42,3,f8,10,PretR,P. reticulatum ripe,Cp_0722a,Cp_0722a_3,Cp,0,NA,NA,NA,Pr,4,finished review 7/14/2015,,,,,,,,
,,,41.15,0,0,,27.08,27.08,1,f2,1,con,P. reticulatum ripe,Cp_0722b,Cp_0722b_1,Cp,0,NA,NA,NA,Pr,3,,,,,,,,,
,,,41.12,41.15,1,,22.45,22.45,3,f3,2,con,P. reticulatum ripe,Cp_0722b,Cp_0722b_3,Cp,0,NA,NA,NA,Pr,3,,,,,,,,,
,,,41.17,82.27,2,,27.36,27.36,1,f1,3,con,P. reticulatum ripe,Cp_0722b,Cp_0722b_1,Cp,0,NA,NA,NA,Pr,3,,,,,,,,,
,,,7.57,123.44,3,7.57,,7.57,NA,f4,4,con,P. reticulatum ripe,Cp_0722b,Cp_0722b_NA,Cp,0,NA,NA,NA,Pr,3,seems like review stopped,,,,,,,,
,,,7.57,123.44,3,7.57,,7.57,NA,f5,4,con,P. reticulatum ripe,Cp_0722b,Cp_0722b_NA,Cp,0,NA,NA,NA,Pr,3,,,,,,,,,
,,,7.57,123.44,3,7.57,,7.57,NA,f6,4,PretR,P. reticulatum ripe,Cp_0722b,Cp_0722b_NA,Cp,0,NA,NA,NA,Pr,3,,,,,,,,,
,,,7.57,123.44,3,7.57,,7.57,NA,f7,4,PretR,P. reticulatum ripe,Cp_0722b,Cp_0722b_NA,Cp,0,NA,NA,NA,Pr,3,,,,,,,,,
,,,7.57,123.44,3,7.57,,7.57,NA,f8,4,PretR,P. reticulatum ripe,Cp_0722b,Cp_0722b_NA,Cp,0,NA,NA,NA,Pr,3,,,,,,,,,
,,,7.57,123.44,3,7.57,,7.57,NA,f9,4,PretR,P. reticulatum ripe,Cp_0722b,Cp_0722b_NA,Cp,0,NA,NA,NA,Pr,3,,,,,,,,,
,,,7.57,123.44,3,7.57,,7.57,NA,f10,4,PretR,P. reticulatum ripe,Cp_0722b,Cp_0722b_NA,Cp,0,NA,NA,NA,Pr,3,finished review 7/14/2015,,,,,,,,
,,,17.25,17.26,2,,2.32,2.32,4,f1,1,con,P. reticulatum ripe,Cp_0722c,Cp_0722c_4,Cp,0,NA,NA,NA,Pr,2,,,,,,,,,
,,,17.25,17.26,2,,2.32,2.32,4,f2,2,con,P. reticulatum ripe,Cp_0722c,Cp_0722c_4,Cp,0,NA,NA,NA,Pr,2,,,,,,,,,
,,,17.25,17.26,2,,10.56,10.56,4,f3,3,con,P. reticulatum ripe,Cp_0722c,Cp_0722c_4,Cp,0,NA,NA,NA,Pr,2,,,,,,,,,
,,,17.26,69.44,5,,10.47,10.47,4,f7,4,PretR,P. reticulatum ripe,Cp_0722c,Cp_0722c_4,Cp,0,NA,NA,NA,Pr,2,,,,,,,,,
,,,17.26,69.44,5,,12.11,12.11,1,f6,5,PretR,P. reticulatum ripe,Cp_0722c,Cp_0722c_1,Cp,0,NA,NA,NA,Pr,2,,,,,,,,,
,,,3.03,121.52,8,3.03,,3.03,NA,f4,6,con,P. reticulatum ripe,Cp_0722c,Cp_0722c_NA,Cp,0,NA,NA,NA,Pr,2,,,,,,,,,
,,,3.03,121.52,8,3.03,,3.03,NA,f5,6,con,P. reticulatum ripe,Cp_0722c,Cp_0722c_NA,Cp,0,NA,NA,NA,Pr,2,,,,,,,,,
,,,3.03,121.52,8,3.03,,3.03,NA,f8,6,PretR,P. reticulatum ripe,Cp_0722c,Cp_0722c_NA,Cp,0,NA,NA,NA,Pr,2,,,,,,,,,
,,,3.03,121.52,8,3.03,,3.03,NA,f9,6,PretR,P. reticulatum ripe,Cp_0722c,Cp_0722c_NA,Cp,0,NA,NA,NA,Pr,2,,,,,,,,,
,,,3.03,121.52,8,3.03,,3.03,NA,f10,6,PretR,P. reticulatum ripe,Cp_0722c,Cp_0722c_NA,Cp,0,NA,NA,NA,Pr,2,,,,,,,,,
,,,41.12,0,0,,5.19,5.19,1,f8,1,con,P. reticulatum ripe,Cc_0723,Cc_0723_1,Cc,0,NA,NA,NA,Pr,3,,,,,,,,,
,,,41.12,0,0,,31.15,31.15,3,f10,2,con,P. reticulatum ripe,Cc_0723,Cc_0723_3,Cc,0,NA,NA,NA,Pr,3,,,,,,,,,
,,,41.12,0,0,,37.26,37.26,1,f7,3,con,P. reticulatum ripe,Cc_0723,Cc_0723_1,Cc,0,NA,NA,NA,Pr,3,,,,,,,,,
,,,41.18,82.25,2,,0.28,0.28,1,f9,4,con,P. reticulatum ripe,Cc_0723,Cc_0723_1,Cc,0,NA,NA,NA,Pr,3,,,,,,,,,
,,,41.13,123.43,3,,1.14,1.14,1,f2,5,PretR,P. reticulatum ripe,Cc_0723,Cc_0723_1,Cc,0,NA,NA,NA,Pr,3,,,,,,,,,
,,,27.16,123.43,3,27.16,,27.16,NA,f1,6,PretR,P. reticulatum ripe,Cc_0723,Cc_0723_NA,Cc,0,NA,NA,NA,Pr,3,,,,,,,,,
,,,27.16,123.43,3,27.16,,27.16,NA,f3,6,PretR,P. reticulatum ripe,Cc_0723,Cc_0723_NA,Cc,0,NA,NA,NA,Pr,3,,,,,,,,,
,,,27.16,123.43,3,27.16,,27.16,NA,f4,6,PretR,P. reticulatum ripe,Cc_0723,Cc_0723_NA,Cc,0,NA,NA,NA,Pr,3,,,,,,,,,
,,,27.16,123.43,3,27.16,,27.16,NA,f5,6,PretR,P. reticulatum ripe,Cc_0723,Cc_0723_NA,Cc,0,NA,NA,NA,Pr,3,,,,,,,,,
,,,27.16,123.43,3,27.16,,27.16,NA,f6,6,con,P. reticulatum ripe,Cc_0723,Cc_0723_NA,Cc,0,NA,NA,NA,Pr,3,,,,,,,,,
,,,41.22,0,1,,4.47,4.47,2,f9,1,con,P. reticulatum ripe,Cp_0723,Cp_0723_2,Cp,0,NA,NA,NA,Pr,5,,,,,,,,,
,,,41.22,0,1,,9.23,9.23,2,f10,2,con,P. reticulatum ripe,Cp_0723,Cp_0723_2,Cp,0,NA,NA,NA,Pr,5,,,,,,,,,
,,,41.22,0,1,,12.4,12.4,1,f1,3,PretR,P. reticulatum ripe,Cp_0723,Cp_0723_1,Cp,0,NA,NA,NA,Pr,5,,,,,,,,,
,,,41.22,0,1,,12.53,12.53,3,f6,4,con,P. reticulatum ripe,Cp_0723,Cp_0723_3,Cp,0,NA,NA,NA,Pr,5,,,,,,,,,
,,,41.22,0,1,,18.21,18.21,2,f8,5,con,P. reticulatum ripe,Cp_0723,Cp_0723_2,Cp,0,NA,NA,NA,Pr,5,,,,,,,,,
,,,41.22,0,1,,27.57,27.57,1,f2,6,PretR,P. reticulatum ripe,Cp_0723,Cp_0723_1,Cp,0,NA,NA,NA,Pr,5,,,,,,,,,
,,,41.22,0,1,,29.47,29.47,2,f4,7,PretR,P. reticulatum ripe,Cp_0723,Cp_0723_2,Cp,0,NA,NA,NA,Pr,5,,,,,,,,,
,,,41.17,41.22,2,,1.11,1.11,3,f7,8,con,P. reticulatum ripe,Cp_0723,Cp_0723_3,Cp,0,NA,NA,NA,Pr,5,,,,,,,,,
,,,41.17,41.22,2,,4.23,4.23,NA,f3,10,PretR,P. reticulatum ripe,Cp_0723,Cp_0723_NA,Cp,0,NA,NA,NA,Pr,5,,,,,,,,,
,,,41.17,41.22,2,,4.15,4.15,4,f5,9,PretR,P. reticulatum ripe,Cp_0723,Cp_0723_4,Cp,0,NA,NA,NA,Pr,5,,,,,,,,,
,,,41.15,0,0,,3.42,3.42,2,f7,1,con,P. reticulatum ripe,Cs_0723,Cs_0723_2,Cs,0,NA,NA,NA,Pr,3,,,,,,,,,
,,,41.15,0,0,,33.01,33.01,2,f8,2,con,P. reticulatum ripe,Cs_0723,Cs_0723_2,Cs,0,NA,NA,NA,Pr,3,,,,,,,,,
,,,41.15,0,0,,40.49,40.49,2,f10,3,con,P. reticulatum ripe,Cs_0723,Cs_0723_2,Cs,0,NA,NA,NA,Pr,3,,,,,,,,,
,,,41.18,82.34,17,,5.09,5.09,3,f9,4,con,P. reticulatum ripe,Cs_0723,Cs_0723_3,Cs,0,NA,NA,NA,Pr,3,,,,,,,,,
,,,41.18,82.34,17,,33.57,33.57,1,f1,5,PretR,P. reticulatum ripe,Cs_0723,Cs_0723_1,Cs,0,NA,NA,NA,Pr,3,,,,,,,,,
,,,26.55,123.52,18,26.55,,26.55,NA,f2,6,PretR,P. reticulatum ripe,Cs_0723,Cs_0723_NA,Cs,0,NA,NA,NA,Pr,3,,,,,,,,,
,,,26.55,123.52,18,26.55,,26.55,NA,f3,6,PretR,P. reticulatum ripe,Cs_0723,Cs_0723_NA,Cs,0,NA,NA,NA,Pr,3,,,,,,,,,
,,,26.55,123.52,18,26.55,,26.55,NA,f4,6,PretR,P. reticulatum ripe,Cs_0723,Cs_0723_NA,Cs,0,NA,NA,NA,Pr,3,,,,,,,,,
,,,26.55,123.52,18,26.55,,26.55,NA,f5,6,PretR,P. reticulatum ripe,Cs_0723,Cs_0723_NA,Cs,0,NA,NA,NA,Pr,3,,,,,,,,,
,,,26.55,123.52,18,26.55,,26.55,NA,f6,6,con,P. reticulatum ripe,Cs_0723,Cs_0723_NA,Cs,0,NA,NA,NA,Pr,3,,,,,,,,,
,,,41.18,0,0,,40.34,40.34,4,f3,1,con,P. reticulatum ripe,Cp_0724,Cp_0724_4,Cp,0,NA,NA,NA,Pr,4,,,,,,,,,
,,,41.2,41.18,16,,14.13,14.13,5,f2,2,con,P. reticulatum ripe,Cp_0724,Cp_0724_5,Cp,0,NA,NA,NA,Pr,4,,,,,,,,,
,,,41.2,41.18,16,,14.25,14.25,5,f1,3,con,P. reticulatum ripe,Cp_0724,Cp_0724_5,Cp,0,NA,NA,NA,Pr,4,,,,,,,,,
,,,41.17,82.38,17,,6.1,6.1,6,f4,4,con,P. reticulatum ripe,Cp_0724,Cp_0724_6,Cp,0,NA,NA,NA,Pr,4,,,,,,,,,
,,,41.17,82.38,17,,17.31,17.31,6,f5,5,con,P. reticulatum ripe,Cp_0724,Cp_0724_6,Cp,0,NA,NA,NA,Pr,4,,,,,,,,,
,,,11.53,123.55,18,11.53,,11.53,NA,f6,7,PretR,P. reticulatum ripe,Cp_0724,Cp_0724_NA,Cp,0,NA,NA,NA,Pr,4,"No more left side fruits, stopped review",,,,,,,,
,,,11.53,123.55,18,11.53,,11.53,NA,f7,7,PretR,P. reticulatum ripe,Cp_0724,Cp_0724_NA,Cp,0,NA,NA,NA,Pr,4,,,,,,,,,
,,,11.53,123.55,18,11.53,,11.53,NA,f8,7,PretR,P. reticulatum ripe,Cp_0724,Cp_0724_NA,Cp,0,NA,NA,NA,Pr,4,,,,,,,,,
,,,11.53,123.55,18,11.53,,11.53,NA,f9,7,PretR,P. reticulatum ripe,Cp_0724,Cp_0724_NA,Cp,0,NA,NA,NA,Pr,4,,,,,,,,,
,,,11.53,123.55,18,last,7.05,7.05,NA,f10,6,PretR,P. reticulatum ripe,Cp_0724,Cp_0724_NA,Cp,0,NA,NA,NA,Pr,4,finished review 7/14/2015,,,,,,,,
,,,41.15,82.31,17,,10,10,1,f10,1,con,P. reticulatum ripe,Cs_0725,Cs_0725_1,Cs,0,NA,NA,NA,Pr,1,,,,,,,,,
,,,8.36,123.46,18,8.36,,8.36,1,f9,2,con,P. reticulatum ripe,Cs_0725,Cs_0725_1,Cs,0,NA,NA,NA,Pr,1,,,,,,,,,
,,,8.36,123.46,18,8.36,,8.36,1,f8,3,con,P. reticulatum ripe,Cs_0725,Cs_0725_1,Cs,0,NA,NA,NA,Pr,1,,,,,,,,,
,,,8.36,123.46,18,8.36,,8.36,1,f7,4,con,P. reticulatum ripe,Cs_0725,Cs_0725_1,Cs,0,NA,NA,NA,Pr,1,,,,,,,,,
,,,8.36,123.46,18,8.36,,8.36,1,f6,5,con,P. reticulatum ripe,Cs_0725,Cs_0725_1,Cs,0,NA,NA,NA,Pr,1,,,,,,,,,
,,,8.36,123.46,18,8.36,,8.36,1,f5,6,PretR,P. reticulatum ripe,Cs_0725,Cs_0725_1,Cs,0,NA,NA,NA,Pr,1,,,,,,,,,
,,,8.36,123.46,18,8.36,,8.36,1,f4,7,PretR,P. reticulatum ripe,Cs_0725,Cs_0725_1,Cs,0,NA,NA,NA,Pr,1,,,,,,,,,
,,,8.36,123.46,18,8.36,,8.36,1,f3,8,PretR,P. reticulatum ripe,Cs_0725,Cs_0725_1,Cs,0,NA,NA,NA,Pr,1,,,,,,,,,
,,,8.36,123.46,18,8.36,,8.36,1,f2,9,PretR,P. reticulatum ripe,Cs_0725,Cs_0725_1,Cs,0,NA,NA,NA,Pr,1,,,,,,,,,
,,,8.36,123.46,18,8.36,,8.36,1,f1,10,PretR,P. reticulatum ripe,Cs_0725,Cs_0725_1,Cs,0,NA,NA,NA,Pr,1,,,,,,,,,
,,,52.51,15.15,1,2.18,,2.18,2,c2,1,con,P. reticulatum unripe,Cc_0407,Cc_0407_2,Cc,0,NA,NA,NA,Pur,3,,,,,,,,,
,,,52.51,15.15,1,2.26,,2.26,4,c3,2,con,P. reticulatum unripe,Cc_0407,Cc_0407_4,Cc,0,NA,NA,NA,Pur,3,,,,,,,,,
,,,52.51,15.15,1,8.09,,8.09,1,c1,3,con,P. reticulatum unripe,Cc_0407,Cc_0407_1,Cc,0,NA,NA,NA,Pur,3,,,,,,,,,
,,,52.51,15.15,1,8.33,,8.33,2,c5,4,con,P. reticulatum unripe,Cc_0407,Cc_0407_2,Cc,0,NA,NA,NA,Pur,3,,,,,,,,,
,,,53.24,68.06,2,,6.03,6.03,1,c4,5,con,P. reticulatum unripe,Cc_0407,Cc_0407_1,Cc,0,NA,NA,NA,Pur,3,,,,,,,,,
,,,0.24,123.3,3,0.24,,0.24,NA,p1,6,PretU,P. reticulatum unripe,Cc_0407,Cc_0407_NA,Cc,0,NA,NA,NA,Pur,3,,,,,,,,,
,,,0.24,123.3,3,0.24,,0.24,NA,p2,6,PretU,P. reticulatum unripe,Cc_0407,Cc_0407_NA,Cc,0,NA,NA,NA,Pur,3,,,,,,,,,
,,,0.24,123.3,3,0.24,,0.24,NA,p3,6,PretU,P. reticulatum unripe,Cc_0407,Cc_0407_NA,Cc,0,NA,NA,NA,Pur,3,,,,,,,,,
,,,0.24,123.3,3,0.24,,0.24,NA,p4,6,PretU,P. reticulatum unripe,Cc_0407,Cc_0407_NA,Cc,0,NA,NA,NA,Pur,3,,,,,,,,,
,,,0.24,123.3,3,0.24,,0.24,NA,p5,6,PretU,P. reticulatum unripe,Cc_0407,Cc_0407_NA,Cc,0,NA,NA,NA,Pur,3,,,,,,,,,
,,,17.26,0,23,2.58,,2.58,3,p4,1,PretU,P. reticulatum unripe,Cs_0407,Cs_0407_3,Cp,0,NA,NA,NA,Pur,6,b3 is cp,,,,,,,,
,,,17.26,0,23,,5.35,5.35,3,p5,2,PretU,P. reticulatum unripe,Cs_0407,Cs_0407_3,Cp,0,NA,NA,NA,Pur,6,,,,,,,,,
,,,17.26,0,23,,6.14,6.14,1,c5,3,con,P. reticulatum unripe,Cs_0407,Cs_0407_1,Cs,0,NA,NA,NA,Pur,6,,,,,,,,,
,,,17.26,0,23,6.29,,6.29,6,c2,4,con,P. reticulatum unripe,Cs_0407,Cs_0407_6,Cs,1,10.39,3,L,Pur,6,attacking b3 is a Cp,,,,,,,,
,,,17.26,0,23,11.01,,11.01,3,c1,5,con,P. reticulatum unripe,Cs_0407,Cs_0407_3,Cp,0,NA,NA,NA,Pur,6,,,,,,,,,
,,,17.26,17.26,24,,6.08,6.08,4,c4,6,con,P. reticulatum unripe,Cs_0407,Cs_0407_4,Cs,0,NA,NA,NA,Pur,6,,,,,,,,,
,,,17.26,17.26,24,,16.16,16.16,3,c3,7,con,P. reticulatum unripe,Cs_0407,Cs_0407_3,Cp,0,NA,NA,NA,Pur,6,,,,,,,,,
,,,17.26,34.52,25,,,0,3,p1,8,PretU,P. reticulatum unripe,Cs_0407,Cs_0407_3,Cp,0,NA,NA,NA,Pur,6,,,,,,,,,
,,,17.26,34.52,25,,11.03,11.03,9,p2,9,PretU,P. reticulatum unripe,Cs_0407,Cs_0407_9,Cs,0,NA,NA,NA,Pur,6,"this is the nonstarred b3, a juvenile Cs",,,,,,,,
,,,17.26,34.52,25,,14.19,14.19,1,p3,10,PretU,P. reticulatum unripe,Cs_0407,Cs_0407_1,Cs,0,NA,NA,NA,Pur,6,,,,,,,,,
,,,51.21,0,0,5.37,,5.37,5,c2,1,con,P. reticulatum unripe,Cp_0407,Cp_0407_5,Cp,0,NA,NA,NA,Pur,5,,,,,,,,,
,,,51.21,0,0,8.27,,8.27,5,c3,2,con,P. reticulatum unripe,Cp_0407,Cp_0407_5,Cp,1,8.28,1,V,Pur,5,,,,,,,,,
,,,51.21,0,0,,8.58,8.58,1,c5,3,con,P. reticulatum unripe,Cp_0407,Cp_0407_1,Cp,0,NA,NA,NA,Pur,5,,,,,,,,,
,,,51.21,0,0,,10.08,10.08,1,p1,4,PretU,P. reticulatum unripe,Cp_0407,Cp_0407_1,Cp,0,NA,NA,NA,Pur,5,,,,,,,,,
,,,51.21,0,0,,20.11,20.11,1,p2,5,PretU,P. reticulatum unripe,Cp_0407,Cp_0407_1,Cp,0,NA,NA,NA,Pur,5,,,,,,,,,
,,,51.21,0,0,28.31,,28.31,4,c1,6,con,P. reticulatum unripe,Cp_0407,Cp_0407_4,Cp,0,NA,NA,NA,Pur,5,,,,,,,,,
,,,51.21,0,0,,36.13,36.13,4,c4,7,con,P. reticulatum unripe,Cp_0407,Cp_0407_4,Cp,0,NA,NA,NA,Pur,5,,,,,,,,,
,,,51.21,0,0,,38.58,38.58,3,p3,8,PretU,P. reticulatum unripe,Cp_0407,Cp_0407_3,Cp,0,NA,NA,NA,Pur,5,,,,,,,,,
,,,51.21,0,0,,44.18,44.18,3,p5,9,PretU,P. reticulatum unripe,Cp_0407,Cp_0407_3,Cp,0,NA,NA,NA,Pur,5,,,,,,,,,
,,,50.45,51.21,1,,16.33,16.33,4,p4,10,PretU,P. reticulatum unripe,Cp_0407,Cp_0407_4,Cp,0,NA,NA,NA,Pur,5,,,,,,,,,
,,,42.18,0,0,,6.52,6.52,2,c1,1,PretU,P. reticulatum unripe,Cs_0408,Cs_0408_2,Cs,0,NA,NA,NA,Pur,4,4?,,,,,,,,
,,,42.18,0,0,,9.09,9.09,2,c3,2,con,P. reticulatum unripe,Cs_0408,Cs_0408_2,Cs,0,NA,NA,NA,Pur,4,,,,,,,,,
,,,42.18,0,0,,12.3,12.3,1,p4,3,PretU,P. reticulatum unripe,Cs_0408,Cs_0408_1,Cs,0,NA,NA,NA,Pur,4,,,,,,,,,
,,,42.18,0,0,,17,17,3,c4,4,con,P. reticulatum unripe,Cs_0408,Cs_0408_3,Cs,0,NA,NA,NA,Pur,4,,,,,,,,,
,,,42.18,0,0,,18.47,18.47,1,c2,5,con,P. reticulatum unripe,Cs_0408,Cs_0408_1,Cs,0,NA,NA,NA,Pur,4,,,,,,,,,
,,,42.18,0,0,,22.17,22.17,4,p3,6,PretU,P. reticulatum unripe,Cs_0408,Cs_0408_4,Cs,0,NA,NA,NA,Pur,4,,,,,,,,,
,,,42.18,0,0,,37.15,37.15,4,p2,7,PretU,P. reticulatum unripe,Cs_0408,Cs_0408_4,Cs,0,NA,NA,NA,Pur,4,,,,,,,,,
,,,42.18,0,0,,37.19,37.19,3,c5,8,con,P. reticulatum unripe,Cs_0408,Cs_0408_3,Cs,0,NA,NA,NA,Pur,4,,,,,,,,,
,,,40.46,83.07,17,18.02,,18.02,2,p5,9,PretU,P. reticulatum unripe,Cs_0408,Cs_0408_2,Cs,0,NA,NA,NA,Pur,4,,,,,,,,,
,,,21.19,123.53,18,2.5,,2.5,2,p1,10,PretU,P. reticulatum unripe,Cs_0408,Cs_0408_2,Cs,0,NA,NA,NA,Pur,4,,,,,,,,,
,,,17.26,17.26,1,,1.55,1.55,1,c3,1,con,P. reticulatum unripe,Cp_0408,Cp_0408_1,Cp,0,NA,NA,NA,Pur,4,4?,,,,,,,,
,,,17.26,17.26,1,,6.4,6.4,4,p3,2,PretU,P. reticulatum unripe,Cp_0408,Cp_0408_4,Cp,0,NA,NA,NA,Pur,4,,,,,,,,,
,,,17.26,17.26,1,,8.07,8.07,1,c4,3,con,P. reticulatum unripe,Cp_0408,Cp_0408_1,Cp,0,NA,NA,NA,Pur,4,,,,,,,,,
,,,17.26,17.26,1,,12,12,1,c2,4,con,P. reticulatum unripe,Cp_0408,Cp_0408_1,Cp,0,NA,NA,NA,Pur,4,,,,,,,,,
,,,17.26,34.52,2,,11.39,11.39,3,p1,5,PretU,P. reticulatum unripe,Cp_0408,Cp_0408_3,Cp,0,NA,NA,NA,Pur,4,,,,,,,,,
,,,17.26,34.52,2,,13.21,13.21,3,p2,6,PretU,P. reticulatum unripe,Cp_0408,Cp_0408_3,Cp,0,NA,NA,NA,Pur,4,,,,,,,,,
,,,17.26,52.18,3,,10.01,10.01,2,c1,7,con,P. reticulatum unripe,Cp_0408,Cp_0408_2,Cp,0,NA,NA,NA,Pur,4,,,,,,,,,
,,,17.26,69.44,4,,10.56,10.56,4,p4,8,PretU,P. reticulatum unripe,Cp_0408,Cp_0408_4,Cp,0,NA,NA,NA,Pur,4,,,,,,,,,
,,,17.26,87.1,5,,3.44,3.44,2,c5,9,con,P. reticulatum unripe,Cp_0408,Cp_0408_2,Cp,0,NA,NA,NA,Pur,4,,,,,,,,,
,,,17.26,104.36,6,,12.45,12.45,4,p5,10,PretU,P. reticulatum unripe,Cp_0408,Cp_0408_4,Cp,0,NA,NA,NA,Pur,4,,,,,,,,,
,,,52.24,0,0,9.38,,9.38,3,c2,1,con,P. reticulatum unripe,Cc_0408,Cc_0408_3,Cc,0,NA,NA,NA,Pur,3,3?,,,,,,,,
,,,52.24,0,0,,12,12,1,c1,2,con,P. reticulatum unripe,Cc_0408,Cc_0408_1,Cc,0,NA,NA,NA,Pur,3,,,,,,,,,
,,,52.24,0,0,,19.16,19.16,2,c3,3,con,P. reticulatum unripe,Cc_0408,Cc_0408_2,Cc,0,NA,NA,NA,Pur,3,,,,,,,,,
,,,53.11,52.24,1,36.38,,36.38,3,c4,4,con,P. reticulatum unripe,Cc_0408,Cc_0408_3,Cc,0,NA,NA,NA,Pur,3,,,,,,,,,
,,,33.11,105.35,2,,19.24,19.24,2,c5,5,con,P. reticulatum unripe,Cc_0408,Cc_0408_2,Cc,0,NA,NA,NA,Pur,3,,,,,,,,,
,,,33.11,105.35,2,33.11,,33.11,NA,p1,6,PretU,P. reticulatum unripe,Cc_0408,Cc_0408_NA,Cc,0,NA,NA,NA,Pur,3,,,,,,,,,
,,,33.11,105.35,2,33.11,,33.11,NA,p2,6,PretU,P. reticulatum unripe,Cc_0408,Cc_0408_NA,Cc,0,NA,NA,NA,Pur,3,,,,,,,,,
,,,33.11,105.35,2,33.11,,33.11,NA,p3,6,PretU,P. reticulatum unripe,Cc_0408,Cc_0408_NA,Cc,0,NA,NA,NA,Pur,3,,,,,,,,,
,,,33.11,105.35,2,33.11,,33.11,NA,p4,6,PretU,P. reticulatum unripe,Cc_0408,Cc_0408_NA,Cc,0,NA,NA,NA,Pur,3,,,,,,,,,
,,,33.11,105.35,2,33.11,,33.11,NA,p5,6,PretU,P. reticulatum unripe,Cc_0408,Cc_0408_NA,Cc,0,NA,NA,NA,Pur,3,,,,,,,,,
,,,47.44,0,0,4.09,,4.09,2,p2,1,PretU,P. reticulatum unripe,Cc_0409,Cc_0409_2,Cc,0,NA,NA,NA,Pur,3,c4 knocked over in the process of landing on c3,,,,,,,,
,,,47.44,0,0,4.16,,4.16,1,c3,2,con,P. reticulatum unripe,Cc_0409,Cc_0409_1,Cc,0,NA,NA,NA,Pur,3,,,,,,,,,
,,,47.44,0,0,8,,8,2,c2,3,con,P. reticulatum unripe,Cc_0409,Cc_0409_2,Cc,0,NA,NA,NA,Pur,3,,,,,,,,,
,,,47.44,0,0,30.38,,30.38,1,p1,4,PretU,P. reticulatum unripe,Cc_0409,Cc_0409_1,Cc,0,NA,NA,NA,Pur,3,,,,,,,,,
,,,47.44,0,0,35.1,,35.1,3,c1,5,con,P. reticulatum unripe,Cc_0409,Cc_0409_3,Cc,0,NA,NA,NA,Pur,3,,,,,,,,,
,,,47.48,47.44,1,,12.21,12.21,2,p5,6,PretU,P. reticulatum unripe,Cc_0409,Cc_0409_2,Cc,0,NA,NA,NA,Pur,3,,,,,,,,,
,,,42.41,95.32,2,,16.23,16.23,1,c5,7,con,P. reticulatum unripe,Cc_0409,Cc_0409_1,Cc,0,NA,NA,NA,Pur,3,,,,,,,,,
,,,42.41,95.32,2,42.41,,42.41,NA,p3,8,PretU,P. reticulatum unripe,Cc_0409,Cc_0409_NA,Cc,0,NA,NA,NA,Pur,3,,,,,,,,,
,,,42.41,95.32,2,42.41,,42.41,NA,p4,8,PretU,P. reticulatum unripe,Cc_0409,Cc_0409_NA,Cc,0,NA,NA,NA,Pur,3,,,,,,,,,
,,,38.4,0,0,,2.24,2.24,2,c5,1,con,P. reticulatum unripe,Cp_0409,Cp_0409_2,Cp,0,NA,NA,NA,Pur,4,,,,,,,,,
,,,38.4,0,0,4.01,,4.01,4,p2,2,PretU,P. reticulatum unripe,Cp_0409,Cp_0409_4,Cp,0,NA,NA,NA,Pur,4,,,,,,,,,
,,,38.4,0,0,5.57,,5.57,3,c2,3,con,P. reticulatum unripe,Cp_0409,Cp_0409_3,Cp,1,8.09,2,V,,4,,,,,,,,,
,,,38.4,0,0,8.1,,8.1,3,c3,4,con,P. reticulatum unripe,Cp_0409,Cp_0409_3,Cp,1,8.36,3,L,,4,,,,,,,,,
,,,38.4,0,0,,8.51,8.51,1,c1,5,con,P. reticulatum unripe,Cp_0409,Cp_0409_1,Cp,0,NA,NA,NA,Pur,4,,,,,,,,,
,,,38.4,0,0,,11.08,11.08,3,c4,6,con,P. reticulatum unripe,Cp_0409,Cp_0409_3,Cp,1,11.08,2,V,,4,,,,,,,,,
,,,38.4,0,0,12.17,,12.17,2,p4,7,PretU,P. reticulatum unripe,Cp_0409,Cp_0409_2,Cp,0,NA,NA,NA,Pur,4,,,,,,,,,
,,,38.4,0,0,13.1,,13.1,2,p5,8,PretU,P. reticulatum unripe,Cp_0409,Cp_0409_2,Cp,0,NA,NA,NA,Pur,4,,,,,,,,,
,,,38.4,0,0,14.44,,14.44,4,p1,9,PretU,P. reticulatum unripe,Cp_0409,Cp_0409_4,Cp,0,NA,NA,NA,Pur,4,,,,,,,,,
,,,27.55,114.06,3,27.55,,0,NA,p3,10,PretU,P. reticulatum unripe,Cp_0409,Cp_0409_NA,Cp,0,NA,NA,NA,Pur,4,,,,,,,,,
,,,46.54,0,0,,3.12,3.12,1,c3,1,con,P. reticulatum unripe,Cs_0409,Cs_0409_1,Cs,0,NA,NA,NA,Pur,1,,,,,,,,,
,,,46.54,0,0,9.34,,9.34,1,c1,3,con,P. reticulatum unripe,Cs_0409,Cs_0409_1,Cs,0,NA,NA,NA,Pur,1,,,,,,,,,
,,,46.54,0,0,9.16,,9.16,1,c2,2,con,P. reticulatum unripe,Cs_0409,Cs_0409_1,Cs,0,NA,NA,NA,Pur,1,,,,,,,,,
,,,2.27,137.43,18,2.27,,2.27,1,c4,3,con,P. reticulatum unripe,Cs_0409,Cs_0409_1,Cs,0,NA,NA,NA,Pur,1,,,,,,,,,
,,,2.27,137.43,18,2.27,,2.27,1,c5,3,con,P. reticulatum unripe,Cs_0409,Cs_0409_1,Cs,0,NA,NA,NA,Pur,1,,,,,,,,,
,,,2.27,137.43,18,2.27,,2.27,1,p1,3,PretU,P. reticulatum unripe,Cs_0409,Cs_0409_1,Cs,0,NA,NA,NA,Pur,1,,,,,,,,,
,,,2.27,137.43,18,2.27,,2.27,1,p2,3,PretU,P. reticulatum unripe,Cs_0409,Cs_0409_1,Cs,0,NA,NA,NA,Pur,1,,,,,,,,,
,,,2.27,137.43,18,2.27,,2.27,1,p3,3,PretU,P. reticulatum unripe,Cs_0409,Cs_0409_1,Cs,0,NA,NA,NA,Pur,1,,,,,,,,,
,,,2.27,137.43,18,2.27,,2.27,1,p4,3,PretU,P. reticulatum unripe,Cs_0409,Cs_0409_1,Cs,0,NA,NA,NA,Pur,1,,,,,,,,,
,,,2.27,137.43,18,2.27,,2.27,1,p5,3,PretU,P. reticulatum unripe,Cs_0409,Cs_0409_1,Cs,0,NA,NA,NA,Pur,1,,,,,,,,,
,,,47.13,0,0,,8.35,8.35,2,p1,1,PretU,P. reticulatum unripe,Cc_0411,Cc_0411_2,Cc,0,NA,NA,NA,Pur,3,c2 knocked over,,,,,,,,
,,,47.13,0,0,,16.38,16.38,3,p3,2,PretU,P. reticulatum unripe,Cc_0411,Cc_0411_3,Cc,0,NA,NA,NA,Pur,3,,,,,,,,,
,,,47.13,0,0,,37.55,37.55,1,c1,3,con,P. reticulatum unripe,Cc_0411,Cc_0411_1,Cc,0,NA,NA,NA,Pur,3,,,,,,,,,
,,,41.43,93.51,2,41.43,,41.43,NA,c3,4,con,P. reticulatum unripe,Cc_0411,Cc_0411_NA,Cc,0,NA,NA,NA,Pur,3,,,,,,,,,
,,,41.43,93.51,2,41.43,,41.43,NA,c4,4,con,P. reticulatum unripe,Cc_0411,Cc_0411_NA,Cc,0,NA,NA,NA,Pur,3,,,,,,,,,
,,,41.43,93.51,2,41.43,,41.43,NA,c5,4,con,P. reticulatum unripe,Cc_0411,Cc_0411_NA,Cc,0,NA,NA,NA,Pur,3,,,,,,,,,
,,,41.43,93.51,2,41.43,,41.43,NA,p2,4,PretU,P. reticulatum unripe,Cc_0411,Cc_0411_NA,Cc,0,NA,NA,NA,Pur,3,,,,,,,,,
,,,41.43,93.51,2,41.43,,41.43,NA,p4,4,PretU,P. reticulatum unripe,Cc_0411,Cc_0411_NA,Cc,0,NA,NA,NA,Pur,3,,,,,,,,,
,,,41.43,93.51,2,41.43,,41.43,NA,p5,4,PretU,P. reticulatum unripe,Cc_0411,Cc_0411_NA,Cc,0,NA,NA,NA,Pur,3,,,,,,,,,
,,,17.26,0,0,,16.4,16.4,2,c4,1,con,P. reticulatum unripe,Cp_0411,Cp_0411_2,Cp,0,NA,NA,NA,Pur,2,,,,,,,,,
,,,17.26,34.52,2,,15.5,15.5,1,p5,2,PretU,P. reticulatum unripe,Cp_0411,Cp_0411_1,Cp,0,NA,NA,NA,Pur,2,,,,,,,,,
,,,17.26,52.18,3,10.38,,10.38,2,c3,3,con,P. reticulatum unripe,Cp_0411,Cp_0411_2,Cp,0,NA,NA,NA,Pur,2,,,,,,,,,
,,,17.26,69.44,4,1.27,,1.27,2,c2,4,con,P. reticulatum unripe,Cp_0411,Cp_0411_2,Cp,0,NA,NA,NA,Pur,2,,,,,,,,,
,,,17.26,87.1,5,,2.02,2.02,1,p4,5,PretU,P. reticulatum unripe,Cp_0411,Cp_0411_1,Cp,0,NA,NA,NA,Pur,2,elimates p3,,,,,,,,
,,,17.26,104.36,6,13.34,,13.34,2,c5,6,con,P. reticulatum unripe,Cp_0411,Cp_0411_2,Cp,0,NA,NA,NA,Pur,2,,,,,,,,,
,,,8.27,122.02,7,8.27,,8.27,NA,c1,7,con,P. reticulatum unripe,Cp_0411,Cp_0411_NA,Cp,0,NA,NA,NA,Pur,2,,,,,,,,,
,,,8.27,122.02,7,8.27,,8.27,NA,p1,7,PretU,P. reticulatum unripe,Cp_0411,Cp_0411_NA,Cp,0,NA,NA,NA,Pur,2,,,,,,,,,
,,,8.27,122.02,7,8.27,,8.27,NA,p2,7,PretU,P. reticulatum unripe,Cp_0411,Cp_0411_NA,Cp,0,NA,NA,NA,Pur,2,,,,,,,,,
,,,52.42,0,0,,4.13,4.13,1,p4,1,PretU,P. reticulatum unripe,Cs_0411,Cs_0411_1,Cs,0,NA,NA,NA,Pur,3,,,,,,,,,
,,,52.42,0,0,8.41,,8.41,2,p1,2,PretU,P. reticulatum unripe,Cs_0411,Cs_0411_2,Cs,0,NA,NA,NA,Pur,3,,,,,,,,,
,,,52.42,0,0,9.05,,9.05,3,c2,3,con,P. reticulatum unripe,Cs_0411,Cs_0411_3,Cs,0,NA,NA,NA,Pur,3,,,,,,,,,
,,,52.42,0,0,,9.32,9.32,1,c4,4,con,P. reticulatum unripe,Cs_0411,Cs_0411_1,Cs,0,NA,NA,NA,Pur,3,,,,,,,,,
,,,52.42,0,0,,33.1,33.1,3,p3,5,PretU,P. reticulatum unripe,Cs_0411,Cs_0411_3,Cs,0,NA,NA,NA,Pur,3,,,,,,,,,
,,,52.42,0,0,,36.4,36.4,1,c1,6,con,P. reticulatum unripe,Cs_0411,Cs_0411_1,Cs,0,NA,NA,NA,Pur,3,,,,,,,,,
,,,52.42,0,0,,42.38,42.38,3,p5,7,PretU,P. reticulatum unripe,Cs_0411,Cs_0411_3,Cs,0,NA,NA,NA,Pur,3,,,,,,,,,
,,,51.34,52.42,16,,9.17,9.17,1,c5,8,con,P. reticulatum unripe,Cs_0411,Cs_0411_1,Cs,0,NA,NA,NA,Pur,3,,,,,,,,,
,,,51.34,52.42,16,,24.11,24.11,2,p2,9,PretU,P. reticulatum unripe,Cs_0411,Cs_0411_2,Cs,0,NA,NA,NA,Pur,3,,,,,,,,,
,,,30.42,104.16,17,30.42,,30.42,NA,c3,10,con,P. reticulatum unripe,Cs_0411,Cs_0411_NA,Cs,0,NA,NA,NA,Pur,3,,,,,,,,,
